Date,Open,High,Low,Close,Volume,Currency
2016-12-20,999.76,1005.79,999.19,1002.3,0,DKK
2016-12-21,1002.32,1005.44,1000.18,1002.97,0,DKK
2016-12-22,1002.89,1007.46,1000.51,1005.73,0,DKK
2016-12-23,1005.67,1009.6,1003.78,1007.37,0,DKK
2016-12-27,1007.61,1011.75,1007.6,1011.75,0,DKK
2016-12-28,1011.34,1012.81,1009.02,1012.81,0,DKK
2016-12-29,1012.31,1016.82,1007.01,1016.69,0,DKK
2016-12-30,1016.78,1017.09,1013.65,1015.88,0,DKK
2017-01-02,1015.74,1035.39,1014.99,1034.03,0,DKK
2017-01-03,1034.61,1041.93,1030.88,1030.89,0,DKK
2017-01-04,1030.78,1033.01,1025.42,1025.78,0,DKK
2017-01-05,1025.84,1036.18,1025.59,1034.99,0,DKK
2017-01-06,1035.18,1040.3,1033.97,1037.59,0,DKK
2017-01-09,1037.59,1042.46,1030.29,1031.5,0,DKK
2017-01-10,1031.75,1034.11,1025.94,1026.3,0,DKK
2017-01-11,1027.33,1034.34,1025.47,1034.27,0,DKK
2017-01-12,1033.48,1033.48,1020.25,1024.95,0,DKK
2017-01-13,1025.05,1039.68,1025.05,1039.68,0,DKK
2017-01-16,1039.53,1042.79,1037.94,1038.29,0,DKK
2017-01-17,1038.06,1038.06,1031.04,1033.55,0,DKK
2017-01-18,1033.6,1037.08,1027.04,1030.35,0,DKK
2017-01-19,1030.64,1035.13,1029.07,1033.5,0,DKK
2017-01-20,1033.44,1036.09,1029.06,1033.49,0,DKK
2017-01-23,1032.64,1032.64,1025.85,1026.28,0,DKK
2017-01-24,1026.86,1031.75,1023.1,1024.96,0,DKK
2017-01-25,1025.92,1038.84,1025.92,1038.84,0,DKK
2017-01-26,1039.02,1049.54,1039.02,1044.71,0,DKK
2017-01-27,1045.08,1052.62,1043.24,1052.62,0,DKK
2017-01-30,1052.46,1052.46,1044.15,1048.15,0,DKK
2017-01-31,1048.14,1055.72,1047.09,1049.56,0,DKK
2017-02-01,1049.63,1066.15,1049.63,1061.13,0,DKK
2017-02-02,1065.04,1065.22,1049.96,1055.49,0,DKK
2017-02-03,1055.72,1061.05,1054.8,1060.79,0,DKK
2017-02-06,1060.74,1063.48,1053.77,1053.77,0,DKK
2017-02-07,1053.41,1053.42,1047.25,1052.38,0,DKK
2017-02-08,1052.93,1052.93,1042.29,1044.9,0,DKK
2017-02-09,1045.18,1061.03,1045.18,1060.94,0,DKK
2017-02-10,1060.94,1067.28,1058.77,1065.91,0,DKK
2017-02-13,1065.91,1071.64,1064.95,1071.58,0,DKK
2017-02-14,1071.24,1074.1,1067.54,1071.5,0,DKK
2017-02-15,1072.25,1075.34,1071.08,1074.79,0,DKK
2017-02-16,1074.91,1079.19,1073.78,1076.81,0,DKK
2017-02-17,1076.81,1077.09,1067.81,1072.36,0,DKK
2017-02-20,1072.99,1076.49,1066.54,1067.82,0,DKK
2017-02-21,1067.45,1077.0,1063.46,1076.86,0,DKK
2017-02-22,1076.52,1077.66,1069.64,1074.72,0,DKK
2017-02-23,1074.75,1078.08,1072.39,1072.43,0,DKK
2017-02-24,1073.8,1073.8,1060.51,1061.08,0,DKK
2017-02-27,1061.92,1065.45,1057.93,1059.72,0,DKK
2017-02-28,1059.78,1062.82,1053.85,1060.33,0,DKK
2017-03-01,1060.6,1073.19,1060.6,1072.33,0,DKK
2017-03-02,1072.63,1076.95,1072.11,1072.68,0,DKK
2017-03-03,1072.54,1072.54,1064.51,1066.51,0,DKK
2017-03-06,1066.55,1066.55,1059.7,1061.95,0,DKK
2017-03-07,1061.8,1062.9,1055.38,1056.49,0,DKK
2017-03-08,1056.56,1058.77,1053.11,1057.43,0,DKK
2017-03-09,1057.47,1058.01,1050.05,1056.09,0,DKK
2017-03-10,1056.28,1065.81,1056.28,1065.53,0,DKK
2017-03-13,1065.99,1070.02,1064.84,1070.02,0,DKK
2017-03-14,1070.02,1073.11,1067.76,1071.32,0,DKK
2017-03-15,1071.35,1073.31,1068.83,1073.05,0,DKK
2017-03-16,1073.08,1081.15,1073.08,1078.01,0,DKK
2017-03-17,1077.97,1077.97,1071.01,1075.63,0,DKK
2017-03-20,1075.52,1076.97,1072.09,1075.44,0,DKK
2017-03-21,1075.62,1079.34,1059.71,1061.12,0,DKK
2017-03-22,1060.41,1060.41,1042.82,1054.3,0,DKK
2017-03-23,1054.3,1064.73,1053.27,1064.53,0,DKK
2017-03-24,1064.77,1067.85,1062.0,1066.9,0,DKK
2017-03-27,1065.84,1065.84,1058.5,1062.49,0,DKK
2017-03-28,1063.23,1068.98,1063.23,1067.84,0,DKK
2017-03-29,1068.06,1069.38,1062.47,1067.4,0,DKK
2017-03-30,1068.31,1073.61,1068.23,1072.92,0,DKK
2017-03-31,1073.01,1076.82,1067.11,1075.07,0,DKK
2017-04-03,1075.07,1078.77,1066.0,1066.0,0,DKK
2017-04-04,1065.94,1076.75,1065.94,1076.56,0,DKK
2017-04-05,1077.41,1082.03,1077.17,1078.86,0,DKK
2017-04-06,1077.82,1080.38,1071.1,1077.86,0,DKK
2017-04-07,1077.35,1077.35,1069.73,1073.42,0,DKK
2017-04-10,1073.57,1080.71,1073.57,1080.66,0,DKK
2017-04-11,1080.85,1084.94,1075.65,1080.15,0,DKK
2017-04-12,1080.2,1089.49,1080.2,1088.49,0,DKK
2017-04-18,1088.41,1089.34,1070.65,1073.39,0,DKK
2017-04-19,1073.54,1083.5,1073.54,1081.59,0,DKK
2017-04-20,1081.37,1090.51,1081.37,1090.44,0,DKK
2017-04-21,1090.47,1092.46,1082.4,1082.56,0,DKK
2017-04-24,1086.61,1100.67,1086.61,1098.86,0,DKK
2017-04-25,1098.86,1105.18,1098.5,1104.57,0,DKK
2017-04-26,1104.7,1115.1,1103.3,1115.1,0,DKK
2017-04-27,1115.17,1120.56,1110.37,1120.12,0,DKK
2017-04-28,1120.23,1127.39,1118.6,1126.44,0,DKK
2017-05-01,1126.25,1128.82,1124.51,1124.61,0,DKK
2017-05-02,1124.83,1129.73,1123.81,1128.7,0,DKK
2017-05-03,1135.8,1139.41,1129.03,1129.61,0,DKK
2017-05-04,1130.44,1139.22,1130.44,1134.4,0,DKK
2017-05-05,1134.11,1146.22,1133.48,1145.77,0,DKK
2017-05-08,1146.05,1151.49,1138.77,1144.07,0,DKK
2017-05-09,1144.48,1152.84,1137.12,1137.57,0,DKK
2017-05-10,1136.99,1146.55,1132.96,1146.55,0,DKK
2017-05-11,1147.04,1151.89,1140.76,1144.44,0,DKK
2017-05-15,1144.92,1153.44,1144.92,1149.64,0,DKK
2017-05-16,1149.54,1151.03,1142.73,1146.06,0,DKK
2017-05-17,1146.06,1146.06,1123.3,1123.3,0,DKK
2017-05-18,1123.14,1131.09,1118.34,1129.74,0,DKK
2017-05-19,1130.02,1140.2,1130.02,1138.08,0,DKK
2017-05-22,1138.08,1144.43,1138.08,1142.7,0,DKK
2017-05-23,1142.66,1143.97,1136.19,1143.95,0,DKK
2017-05-24,1143.95,1144.31,1138.96,1143.97,0,DKK
2017-05-29,1143.57,1143.57,1136.02,1137.41,0,DKK
2017-05-30,1137.41,1139.78,1129.36,1139.78,0,DKK
2017-05-31,1139.76,1152.5,1139.55,1150.02,0,DKK
2017-06-01,1150.02,1155.53,1147.94,1152.46,0,DKK
2017-06-02,1151.97,1165.53,1151.97,1162.0,0,DKK
2017-06-06,1161.36,1165.3,1159.98,1161.44,0,DKK
2017-06-07,1161.44,1163.13,1155.43,1157.17,0,DKK
2017-06-08,1157.17,1163.17,1152.13,1152.42,0,DKK
2017-06-09,1152.42,1161.47,1152.42,1160.29,0,DKK
2017-06-12,1160.14,1160.35,1152.28,1152.99,0,DKK
2017-06-13,1152.99,1165.51,1152.99,1165.09,0,DKK
2017-06-14,1165.27,1175.64,1165.27,1167.44,0,DKK
2017-06-15,1166.69,1166.69,1150.04,1153.3,0,DKK
2017-06-16,1153.74,1161.51,1153.71,1160.17,0,DKK
2017-06-19,1160.17,1176.52,1160.17,1176.42,0,DKK
2017-06-20,1176.42,1179.78,1172.11,1172.15,0,DKK
2017-06-21,1172.15,1172.79,1161.06,1169.76,0,DKK
2017-06-22,1169.93,1169.97,1163.91,1166.96,0,DKK
2017-06-23,1167.05,1167.05,1162.74,1165.59,0,DKK
2017-06-26,1165.52,1169.86,1165.38,1165.38,0,DKK
2017-06-27,1165.38,1165.38,1150.71,1151.68,0,DKK
2017-06-28,1151.68,1151.68,1140.47,1149.32,0,DKK
2017-06-29,1149.43,1154.71,1132.96,1136.0,0,DKK
2017-06-30,1136.0,1146.26,1128.35,1143.24,0,DKK
2017-07-03,1143.24,1156.24,1143.24,1156.16,0,DKK
2017-07-04,1156.16,1156.16,1150.07,1153.09,0,DKK
2017-07-05,1153.09,1158.96,1151.32,1158.92,0,DKK
2017-07-06,1158.92,1161.71,1146.65,1149.63,0,DKK
2017-07-07,1149.49,1151.32,1142.62,1151.0,0,DKK
2017-07-10,1151.0,1160.37,1151.0,1158.68,0,DKK
2017-07-11,1158.68,1161.8,1151.88,1155.6,0,DKK
2017-07-12,1155.6,1167.17,1154.64,1166.34,0,DKK
2017-07-13,1166.51,1167.68,1163.58,1166.01,0,DKK
2017-07-14,1165.94,1172.59,1165.94,1172.01,0,DKK
2017-07-17,1172.06,1178.42,1170.79,1177.72,0,DKK
2017-07-18,1177.72,1181.22,1172.74,1174.91,0,DKK
2017-07-19,1175.15,1180.4,1172.59,1175.97,0,DKK
2017-07-20,1176.01,1181.11,1173.58,1175.26,0,DKK
2017-07-21,1175.06,1180.13,1162.9,1166.74,0,DKK
2017-07-24,1167.11,1169.3,1152.78,1154.14,0,DKK
2017-07-25,1154.53,1164.98,1153.48,1161.72,0,DKK
2017-07-26,1161.62,1170.18,1160.01,1167.34,0,DKK
2017-07-27,1166.96,1171.07,1166.38,1170.59,0,DKK
2017-07-28,1170.59,1170.83,1161.42,1164.72,0,DKK
2017-07-31,1164.74,1172.96,1164.65,1168.66,0,DKK
2017-08-01,1168.66,1172.23,1164.85,1169.88,0,DKK
2017-08-02,1169.88,1174.96,1162.86,1164.98,0,DKK
2017-08-03,1165.11,1167.88,1158.66,1159.88,0,DKK
2017-08-04,1159.88,1169.53,1157.23,1169.53,0,DKK
2017-08-07,1169.53,1173.34,1168.37,1170.2,0,DKK
2017-08-08,1170.2,1170.36,1157.22,1161.08,0,DKK
2017-08-09,1161.08,1171.19,1159.52,1170.27,0,DKK
2017-08-10,1170.27,1170.95,1159.69,1159.95,0,DKK
2017-08-11,1159.95,1162.99,1145.77,1162.46,0,DKK
2017-08-14,1162.46,1171.75,1162.46,1167.06,0,DKK
2017-08-15,1167.06,1171.35,1163.46,1165.21,0,DKK
2017-08-16,1165.21,1174.65,1162.39,1165.2,0,DKK
2017-08-17,1165.2,1169.2,1152.67,1152.67,0,DKK
2017-08-18,1152.67,1154.25,1145.7,1150.31,0,DKK
2017-08-21,1150.31,1160.31,1148.94,1152.5,0,DKK
2017-08-22,1152.5,1167.91,1152.28,1167.26,0,DKK
2017-08-23,1167.26,1167.26,1158.39,1159.56,0,DKK
2017-08-24,1159.56,1172.72,1158.17,1170.94,0,DKK
2017-08-25,1170.94,1174.57,1168.22,1168.22,0,DKK
2017-08-28,1168.22,1170.32,1163.91,1166.47,0,DKK
2017-08-29,1166.47,1166.47,1150.67,1155.54,0,DKK
2017-08-30,1155.54,1163.76,1155.54,1161.94,0,DKK
2017-08-31,1161.94,1175.96,1161.94,1174.72,0,DKK
2017-09-01,1174.72,1182.03,1174.72,1181.04,0,DKK
2017-09-04,1181.04,1181.04,1173.58,1174.86,0,DKK
2017-09-05,1174.86,1175.35,1165.93,1166.91,0,DKK
2017-09-06,1166.91,1167.18,1153.98,1157.82,0,DKK
2017-09-07,1157.82,1165.22,1154.08,1164.63,0,DKK
2017-09-08,1164.63,1165.55,1161.62,1164.25,0,DKK
2017-09-11,1164.25,1174.5,1164.08,1173.92,0,DKK
2017-09-12,1173.92,1179.54,1169.42,1173.52,0,DKK
2017-09-13,1173.52,1173.52,1167.66,1170.83,0,DKK
2017-09-14,1170.83,1172.19,1168.67,1171.82,0,DKK
2017-09-15,1171.82,1171.82,1149.18,1149.18,0,DKK
2017-09-18,1149.18,1160.25,1149.18,1158.35,0,DKK
2017-09-19,1158.35,1162.47,1156.24,1160.43,0,DKK
2017-09-20,1160.43,1166.98,1160.43,1164.74,0,DKK
2017-09-21,1164.74,1172.81,1163.75,1166.67,0,DKK
2017-09-22,1166.58,1170.97,1163.38,1168.92,0,DKK
2017-09-25,1168.92,1179.32,1167.33,1177.43,0,DKK
2017-09-26,1177.43,1177.43,1166.33,1166.52,0,DKK
2017-09-27,1166.52,1171.11,1161.1,1169.3,0,DKK
2017-09-28,1169.83,1177.37,1169.83,1176.92,0,DKK
2017-09-29,1177.33,1178.57,1172.57,1173.99,0,DKK
2017-10-02,1173.99,1185.21,1173.99,1185.14,0,DKK
2017-10-03,1185.14,1187.11,1183.35,1184.51,0,DKK
2017-10-04,1184.51,1187.74,1182.82,1187.35,0,DKK
2017-10-05,1187.35,1190.61,1183.9,1187.61,0,DKK
2017-10-06,1187.61,1191.59,1181.41,1182.02,0,DKK
2017-10-09,1182.02,1184.59,1179.82,1183.27,0,DKK
2017-10-10,1183.27,1187.59,1179.83,1185.75,0,DKK
2017-10-11,1185.75,1193.35,1185.73,1192.85,0,DKK
2017-10-12,1192.33,1196.58,1190.42,1190.82,0,DKK
2017-10-13,1190.82,1190.82,1176.91,1179.38,0,DKK
2017-10-16,1179.28,1185.03,1174.45,1182.08,0,DKK
2017-10-17,1182.08,1184.06,1173.11,1176.11,0,DKK
2017-10-18,1176.11,1188.59,1176.11,1186.2,0,DKK
2017-10-19,1186.2,1194.29,1176.25,1178.54,0,DKK
2017-10-20,1178.95,1185.85,1178.95,1182.32,0,DKK
2017-10-23,1182.32,1186.49,1180.51,1182.94,0,DKK
2017-10-24,1182.94,1182.94,1172.53,1174.18,0,DKK
2017-10-25,1174.18,1182.58,1171.6,1176.65,0,DKK
2017-10-26,1176.65,1182.08,1173.25,1179.94,0,DKK
2017-10-27,1180.9,1189.96,1180.9,1188.38,0,DKK
2017-10-30,1188.38,1195.55,1186.99,1195.49,0,DKK
2017-10-31,1195.49,1198.25,1191.5,1195.61,0,DKK
2017-11-01,1195.61,1201.37,1193.8,1196.67,0,DKK
2017-11-02,1196.67,1205.25,1178.86,1183.24,0,DKK
2017-11-03,1183.24,1185.95,1168.58,1169.71,0,DKK
2017-11-06,1170.2,1182.71,1169.93,1180.85,0,DKK
2017-11-07,1179.33,1181.47,1169.09,1169.09,0,DKK
2017-11-08,1169.09,1174.94,1167.83,1174.48,0,DKK
2017-11-09,1174.48,1175.33,1136.37,1138.45,0,DKK
2017-11-10,1138.45,1142.77,1131.94,1134.46,0,DKK
2017-11-13,1134.46,1136.64,1118.2,1123.19,0,DKK
2017-11-14,1123.19,1126.81,1112.06,1116.02,0,DKK
2017-11-15,1116.02,1117.73,1105.83,1116.72,0,DKK
2017-11-16,1117.35,1131.63,1117.35,1130.95,0,DKK
2017-11-17,1130.95,1134.2,1123.35,1127.61,0,DKK
2017-11-20,1127.61,1129.71,1118.76,1127.88,0,DKK
2017-11-21,1127.88,1127.95,1120.28,1124.89,0,DKK
2017-11-22,1124.89,1130.58,1123.24,1124.56,0,DKK
2017-11-23,1124.43,1124.43,1116.96,1118.56,0,DKK
2017-11-24,1118.54,1119.68,1112.81,1113.76,0,DKK
2017-11-27,1113.76,1113.76,1105.86,1105.94,0,DKK
2017-11-28,1105.94,1122.36,1098.78,1121.13,0,DKK
2017-11-29,1123.87,1131.51,1117.38,1121.36,0,DKK
2017-11-30,1121.36,1130.73,1117.92,1129.59,0,DKK
2017-12-01,1129.39,1137.68,1121.35,1124.77,0,DKK
2017-12-04,1126.39,1129.86,1120.04,1120.09,0,DKK
2017-12-05,1119.97,1124.52,1106.39,1107.44,0,DKK
2017-12-06,1107.28,1114.67,1103.64,1112.06,0,DKK
2017-12-07,1111.59,1123.84,1111.59,1117.19,0,DKK
2017-12-08,1116.7,1128.76,1116.7,1128.45,0,DKK
2017-12-11,1129.55,1134.74,1128.2,1131.08,0,DKK
2017-12-12,1131.4,1133.6,1124.35,1132.96,0,DKK
2017-12-13,1132.96,1134.03,1127.68,1128.88,0,DKK
2017-12-14,1128.83,1138.97,1128.83,1132.81,0,DKK
2017-12-15,1131.79,1131.79,1120.93,1122.52,0,DKK
2017-12-18,1123.33,1141.67,1123.33,1139.47,0,DKK
2017-12-19,1139.14,1144.22,1138.72,1138.78,0,DKK
2017-12-20,1139.63,1143.2,1134.9,1135.91,0,DKK
2017-12-21,1135.66,1143.51,1134.64,1142.03,0,DKK
2017-12-22,1142.04,1147.05,1141.49,1146.33,0,DKK
2017-12-27,1146.0,1155.63,1145.76,1149.76,0,DKK
2017-12-28,1150.05,1151.59,1143.72,1145.95,0,DKK
2017-12-29,1145.6,1150.02,1144.25,1145.64,0,DKK
2018-01-02,1145.83,1152.92,1139.78,1149.07,0,DKK
2018-01-03,1149.15,1155.59,1149.11,1152.57,0,DKK
2018-01-04,1152.83,1157.32,1150.64,1155.34,0,DKK
2018-01-05,1156.03,1164.2,1155.67,1164.2,0,DKK
2018-01-08,1165.24,1175.07,1165.24,1174.29,0,DKK
2018-01-09,1174.84,1181.33,1174.17,1175.94,0,DKK
2018-01-10,1177.11,1178.12,1166.96,1169.88,0,DKK
2018-01-11,1170.38,1170.54,1152.75,1159.1,0,DKK
2018-01-12,1157.05,1157.98,1149.97,1151.26,0,DKK
2018-01-15,1151.26,1152.73,1149.18,1150.55,0,DKK
2018-01-16,1150.55,1155.53,1146.93,1153.11,0,DKK
2018-01-17,1150.87,1159.02,1148.18,1156.99,0,DKK
2018-01-18,1157.86,1163.05,1152.86,1154.19,0,DKK
2018-01-19,1155.37,1163.73,1155.37,1162.38,0,DKK
2018-01-22,1162.41,1165.77,1159.6,1164.75,0,DKK
2018-01-23,1165.63,1169.59,1162.51,1165.55,0,DKK
2018-01-24,1165.02,1171.43,1160.31,1160.31,0,DKK
2018-01-25,1160.17,1160.17,1140.27,1142.07,0,DKK
2018-01-26,1143.47,1154.34,1143.21,1151.75,0,DKK
2018-01-29,1150.25,1155.22,1148.93,1149.85,0,DKK
2018-01-30,1149.73,1153.71,1140.74,1140.74,0,DKK
2018-01-31,1141.21,1145.24,1136.44,1136.52,0,DKK
2018-02-01,1137.18,1143.08,1116.91,1117.79,0,DKK
2018-02-02,1123.13,1126.53,1099.26,1099.26,0,DKK
2018-02-05,1098.18,1099.0,1086.21,1096.67,0,DKK
2018-02-06,1089.66,1095.38,1055.38,1083.06,0,DKK
2018-02-07,1089.11,1099.63,1080.26,1098.24,0,DKK
2018-02-08,1098.09,1104.06,1088.86,1090.78,0,DKK
2018-02-09,1085.73,1095.46,1076.92,1088.77,0,DKK
2018-02-12,1092.6,1115.87,1092.6,1111.86,0,DKK
2018-02-13,1112.05,1113.68,1101.82,1103.46,0,DKK
2018-02-14,1104.52,1117.15,1101.97,1115.55,0,DKK
2018-02-15,1115.78,1127.33,1115.78,1121.96,0,DKK
2018-02-16,1124.51,1143.53,1124.51,1142.49,0,DKK
2018-02-19,1142.25,1144.48,1130.66,1131.14,0,DKK
2018-02-20,1130.02,1133.78,1124.09,1132.07,0,DKK
2018-02-21,1132.51,1133.18,1125.36,1131.65,0,DKK
2018-02-22,1132.43,1145.94,1128.61,1143.84,0,DKK
2018-02-23,1144.35,1154.71,1142.23,1152.76,0,DKK
2018-02-26,1153.99,1164.65,1153.99,1161.94,0,DKK
2018-02-27,1161.98,1162.05,1144.48,1149.13,0,DKK
2018-02-28,1147.02,1151.77,1141.8,1147.89,0,DKK
2018-03-01,1147.0,1147.0,1131.83,1135.01,0,DKK
2018-03-02,1132.44,1132.44,1114.65,1117.06,0,DKK
2018-03-05,1116.62,1124.54,1112.89,1121.57,0,DKK
2018-03-06,1123.16,1132.8,1123.16,1124.02,0,DKK
2018-03-07,1122.74,1128.32,1117.74,1128.32,0,DKK
2018-03-08,1128.49,1139.98,1127.1,1139.57,0,DKK
2018-03-09,1138.4,1140.98,1134.55,1138.93,0,DKK
2018-03-12,1140.29,1143.96,1139.57,1140.8,0,DKK
2018-03-13,1140.63,1147.43,1133.13,1133.2,0,DKK
2018-03-14,1133.19,1137.13,1128.92,1128.92,0,DKK
2018-03-15,1129.44,1135.32,1125.26,1133.34,0,DKK
2018-03-16,1127.95,1132.42,1125.93,1129.1,0,DKK
2018-03-19,1129.72,1129.79,1120.25,1123.77,0,DKK
2018-03-20,1123.89,1126.58,1115.16,1124.5,0,DKK
2018-03-21,1124.5,1126.95,1123.53,1124.51,0,DKK
2018-03-22,1122.46,1126.98,1109.14,1109.26,0,DKK
2018-03-23,1104.1,1112.57,1094.38,1109.99,0,DKK
2018-03-26,1111.11,1119.04,1104.75,1104.96,15813969,DKK
2018-03-27,1108.33,1120.25,1107.2,1108.2,15942303,DKK
2018-03-28,1107.04,1118.48,1101.25,1114.82,15665617,DKK
2018-04-03,1115.04,1116.33,1103.33,1110.44,21154372,DKK
2018-04-04,1110.69,1112.28,1090.18,1092.03,17805132,DKK
2018-04-05,1096.92,1110.16,1096.92,1110.04,16371644,DKK
2018-04-06,1107.86,1113.64,1104.92,1109.58,16979492,DKK
2018-04-09,1110.9,1119.55,1110.24,1112.75,15198849,DKK
2018-04-10,1114.3,1118.43,1112.13,1116.64,20273588,DKK
2018-04-11,1116.44,1116.44,1101.17,1102.88,18701972,DKK
2018-04-12,1103.63,1109.16,1101.02,1105.16,16410868,DKK
2018-04-13,1106.46,1112.32,1102.95,1102.95,12160030,DKK
2018-04-16,1102.64,1111.31,1099.41,1099.79,10585097,DKK
2018-04-17,1099.88,1111.77,1099.88,1111.77,9701265,DKK
2018-04-18,1111.77,1115.54,1109.18,1115.02,7338558,DKK
2018-04-19,1115.03,1120.64,1111.38,1111.93,13171668,DKK
2018-04-20,1111.51,1114.39,1107.92,1110.62,13535212,DKK
2018-04-23,1111.72,1116.69,1109.3,1114.87,12215397,DKK
2018-04-24,1115.48,1120.89,1111.37,1114.6,14680004,DKK
2018-04-25,1114.06,1114.06,1098.49,1101.8,13945486,DKK
2018-04-26,1102.37,1114.92,1099.88,1114.38,14564140,DKK
2018-04-30,1115.08,1121.41,1110.78,1113.02,17023410,DKK
2018-05-01,1113.09,1123.9,1112.93,1116.76,6641803,DKK
2018-05-02,1116.98,1137.38,1116.98,1133.84,23859276,DKK
2018-05-03,1134.07,1141.53,1130.77,1132.43,15324986,DKK
2018-05-04,1132.98,1137.05,1127.36,1130.77,16537600,DKK
2018-05-07,1131.56,1147.82,1131.56,1147.82,16646009,DKK
2018-05-08,1149.76,1157.49,1145.73,1157.49,18973264,DKK
2018-05-09,1157.04,1160.03,1153.6,1157.24,18864334,DKK
2018-05-14,1157.99,1170.22,1157.99,1161.74,22771368,DKK
2018-05-15,1160.72,1161.54,1143.98,1144.21,23259276,DKK
2018-05-16,1143.82,1144.69,1135.75,1143.74,14491622,DKK
2018-05-17,1141.71,1143.51,1132.07,1143.02,15276996,DKK
2018-05-18,1143.01,1145.98,1137.83,1139.54,13612599,DKK
2018-05-22,1139.96,1147.59,1138.73,1143.98,15594815,DKK
2018-05-23,1143.53,1144.65,1134.06,1142.65,14215871,DKK
2018-05-24,1139.89,1143.81,1128.11,1129.69,12374632,DKK
2018-05-25,1130.56,1140.28,1130.56,1134.28,12993085,DKK
2018-05-28,1135.34,1138.64,1118.39,1119.17,10513513,DKK
2018-05-29,1118.18,1118.18,1099.48,1107.09,14336996,DKK
2018-05-30,1105.08,1109.44,1099.35,1109.3,11406856,DKK
2018-05-31,1110.94,1124.31,1110.94,1113.59,32790636,DKK
2018-06-01,1113.72,1130.88,1113.72,1129.99,8796771,DKK
2018-06-04,1131.3,1140.57,1131.3,1132.88,13615293,DKK
2018-06-06,1133.73,1133.73,1121.83,1125.04,14036443,DKK
2018-06-07,1126.21,1130.32,1117.25,1118.1,10112764,DKK
2018-06-08,1117.64,1117.64,1105.98,1112.12,12660147,DKK
2018-06-11,1112.55,1121.18,1112.55,1119.42,11599644,DKK
2018-06-12,1119.81,1124.42,1119.81,1121.23,12302062,DKK
2018-06-13,1120.92,1127.16,1120.75,1125.23,12715720,DKK
2018-06-14,1123.77,1138.47,1121.97,1134.16,14384243,DKK
2018-06-15,1134.0,1139.72,1129.54,1134.65,11310481,DKK
2018-06-18,1134.24,1134.42,1118.3,1120.17,13025133,DKK
2018-06-19,1117.46,1117.46,1105.66,1111.13,9465921,DKK
2018-06-20,1111.41,1123.48,1111.41,1121.84,17310140,DKK
2018-06-21,1122.11,1133.99,1117.67,1119.14,16280478,DKK
2018-06-22,1119.75,1127.32,1119.51,1124.37,9190917,DKK
2018-06-25,1124.58,1128.67,1114.69,1114.69,11641189,DKK
2018-06-26,1114.92,1114.92,1097.14,1098.62,12784389,DKK
2018-06-27,1098.71,1102.2,1082.08,1101.32,13684263,DKK
2018-06-28,1100.24,1106.69,1084.21,1087.24,14239335,DKK
2018-06-29,1089.11,1101.85,1089.11,1097.24,13118195,DKK
2018-07-02,1096.33,1096.33,1084.85,1089.92,9125711,DKK
2018-07-03,1090.03,1101.62,1090.03,1098.98,11662310,DKK
2018-07-04,1099.0,1099.81,1090.98,1099.65,10821850,DKK
2018-07-05,1099.34,1104.58,1090.69,1094.0,12021009,DKK
2018-07-06,1094.3,1101.01,1089.97,1100.0,11773859,DKK
2018-07-09,1100.61,1110.16,1100.49,1109.31,9633856,DKK
2018-07-10,1110.95,1122.18,1110.69,1120.89,9513445,DKK
2018-07-11,1120.22,1120.22,1108.19,1114.76,8587209,DKK
2018-07-12,1117.46,1129.42,1117.46,1128.5,8311013,DKK
2018-07-13,1131.34,1135.21,1128.16,1129.8,8998892,DKK
2018-07-16,1130.87,1135.32,1125.78,1127.52,7089470,DKK
2018-07-17,1128.39,1138.71,1128.39,1138.71,8026700,DKK
2018-07-18,1139.08,1139.54,1128.7,1132.3,15356619,DKK
2018-07-19,1132.51,1140.71,1128.5,1136.79,14071542,DKK
2018-07-20,1137.27,1146.52,1136.39,1146.51,8674167,DKK
2018-07-23,1146.18,1147.59,1141.05,1143.64,6455069,DKK
2018-07-24,1143.53,1155.62,1143.18,1153.23,8351054,DKK
2018-07-25,1152.58,1159.41,1149.46,1156.42,9765527,DKK
2018-07-26,1155.6,1171.06,1155.6,1170.39,11339489,DKK
2018-07-27,1170.4,1172.02,1166.16,1169.41,6684764,DKK
2018-07-30,1168.13,1171.13,1163.48,1164.57,6720823,DKK
2018-07-31,1164.53,1167.2,1153.14,1157.03,12111350,DKK
2018-08-01,1157.3,1165.55,1156.97,1160.48,8177440,DKK
2018-08-02,1158.64,1162.06,1154.66,1157.22,9324133,DKK
2018-08-03,1157.36,1163.79,1157.36,1159.19,7664630,DKK
2018-08-06,1159.69,1164.05,1152.85,1153.67,10706123,DKK
2018-08-07,1153.14,1153.18,1138.01,1148.52,17990744,DKK
2018-08-08,1148.11,1148.3,1127.98,1131.3,18571894,DKK
2018-08-09,1131.49,1140.81,1130.68,1140.35,19986580,DKK
2018-08-10,1139.48,1139.48,1131.09,1134.73,10669288,DKK
2018-08-13,1133.96,1144.17,1130.24,1142.17,14821029,DKK
2018-08-14,1142.82,1148.75,1139.55,1142.91,16135695,DKK
2018-08-15,1143.39,1146.41,1128.74,1129.17,14914321,DKK
2018-08-16,1129.85,1140.35,1129.85,1140.35,13728975,DKK
2018-08-17,1140.84,1145.92,1138.3,1140.04,11785123,DKK
2018-08-20,1140.91,1151.05,1140.91,1148.26,12916317,DKK
2018-08-21,1148.48,1156.79,1146.25,1152.54,14016043,DKK
2018-08-22,1152.5,1162.59,1152.37,1159.12,13637882,DKK
2018-08-23,1159.07,1165.99,1155.65,1156.52,17719416,DKK
2018-08-24,1157.08,1164.27,1155.7,1163.49,11703819,DKK
2018-08-27,1163.41,1175.55,1163.41,1174.73,9342998,DKK
2018-08-28,1175.48,1181.75,1170.69,1176.65,11831624,DKK
2018-08-29,1176.31,1179.36,1169.88,1176.14,11021982,DKK
2018-08-30,1175.57,1178.68,1168.95,1178.0,10571171,DKK
2018-08-31,1177.28,1177.28,1170.29,1171.54,18121104,DKK
2018-09-03,1170.86,1173.6,1162.52,1167.67,9420236,DKK
2018-09-04,1167.82,1167.9,1147.76,1154.52,20107504,DKK
2018-09-05,1154.01,1154.01,1136.57,1136.81,32273446,DKK
2018-09-06,1136.73,1143.73,1135.47,1138.25,12975986,DKK
2018-09-07,1138.26,1143.97,1126.31,1136.74,16861552,DKK
2018-09-10,1135.8,1139.24,1131.88,1135.44,13717179,DKK
2018-09-11,1135.81,1138.42,1126.25,1127.78,11991828,DKK
2018-09-12,1128.71,1135.86,1126.07,1132.21,13126513,DKK
2018-09-13,1132.67,1137.75,1128.72,1129.24,13450219,DKK
2018-09-14,1130.75,1134.91,1117.91,1123.77,16899874,DKK
2018-09-17,1121.52,1122.47,1115.7,1115.76,12327044,DKK
2018-09-18,1115.82,1123.05,1115.21,1120.4,18172332,DKK
2018-09-19,1121.89,1121.89,1111.1,1115.26,23836556,DKK
2018-09-20,1115.17,1125.47,1115.17,1124.39,15728237,DKK
2018-09-21,1125.87,1133.18,1125.87,1127.2,24314116,DKK
2018-09-24,1127.06,1127.06,1117.35,1117.94,12650099,DKK
2018-09-25,1119.29,1128.73,1117.99,1127.79,11962968,DKK
2018-09-26,1127.62,1127.83,1121.86,1126.31,11683474,DKK
2018-09-27,1125.84,1125.84,1113.22,1120.78,15079707,DKK
2018-09-28,1119.24,1124.73,1116.59,1120.06,16172915,DKK
2018-10-01,1120.0,1128.43,1119.89,1121.98,12463646,DKK
2018-10-02,1122.03,1122.99,1117.62,1120.31,14335258,DKK
2018-10-03,1120.82,1123.59,1115.51,1116.68,12827369,DKK
2018-10-04,1114.19,1114.19,1071.62,1075.0,24374448,DKK
2018-10-05,1075.05,1077.41,1058.57,1068.83,25691236,DKK
2018-10-08,1068.36,1068.36,1038.05,1045.42,17139284,DKK
2018-10-09,1045.6,1048.85,1029.53,1042.3,18261616,DKK
2018-10-10,1042.69,1042.7,1018.86,1018.87,16276139,DKK
2018-10-11,1010.42,1021.4,985.87,1013.49,20507268,DKK
2018-10-12,1019.23,1032.33,1019.23,1026.5,18570116,DKK
2018-10-15,1026.61,1028.04,1014.11,1023.2,11564998,DKK
2018-10-16,1023.74,1047.37,1022.84,1047.37,12562961,DKK
2018-10-17,1047.04,1057.43,1042.04,1046.07,13274544,DKK
2018-10-18,1045.89,1059.65,1045.88,1055.38,12431277,DKK
2018-10-19,1053.32,1054.59,1034.95,1045.67,13707843,DKK
2018-10-22,1047.11,1055.01,1038.78,1041.35,10269179,DKK
2018-10-23,1040.93,1040.93,1009.0,1010.2,15342568,DKK
2018-10-24,1010.71,1022.28,1005.17,1011.29,14131911,DKK
2018-10-25,1008.76,1008.76,993.34,997.96,15850168,DKK
2018-10-26,999.78,1006.04,989.51,992.34,14835153,DKK
2018-10-29,993.02,1020.04,993.02,1015.86,11365853,DKK
2018-10-30,1015.78,1019.12,997.15,1010.82,14040760,DKK
2018-10-31,1013.41,1028.99,1013.41,1024.81,16626694,DKK
2018-11-01,1025.48,1047.66,1025.39,1039.39,18016440,DKK
2018-11-02,1041.06,1057.07,1041.06,1046.62,15107861,DKK
2018-11-05,1046.62,1046.88,1029.04,1033.79,12000652,DKK
2018-11-06,1034.81,1042.15,1027.25,1039.88,19698496,DKK
2018-11-07,1041.05,1057.4,1041.05,1056.38,20214816,DKK
2018-11-08,1056.42,1076.54,1056.42,1065.04,17845912,DKK
2018-11-09,1064.82,1065.74,1053.98,1064.45,18454704,DKK
2018-11-12,1064.22,1069.48,1056.95,1057.31,12548980,DKK
2018-11-13,1057.99,1063.29,1044.09,1047.85,18052480,DKK
2018-11-14,1047.4,1053.11,1041.97,1048.55,14808240,DKK
2018-11-15,1048.88,1055.06,1027.33,1028.78,13504300,DKK
2018-11-16,1028.93,1042.72,1024.99,1032.6,12218999,DKK
2018-11-19,1032.33,1045.14,1027.84,1028.74,12197006,DKK
2018-11-20,1027.64,1027.64,1001.62,1012.44,17701116,DKK
2018-11-21,1012.48,1017.13,1006.58,1016.71,16485728,DKK
2018-11-22,1016.91,1020.48,1010.62,1017.04,10346384,DKK
2018-11-23,1016.58,1033.34,1014.26,1032.17,12354944,DKK
2018-11-26,1033.18,1052.21,1033.18,1051.59,14043996,DKK
2018-11-27,1051.63,1055.96,1038.33,1045.1,14059342,DKK
2018-11-28,1045.17,1049.36,1037.86,1043.31,14254141,DKK
2018-11-29,1044.1,1054.11,1042.8,1044.66,13679249,DKK
2018-11-30,1045.02,1047.69,1038.7,1040.54,28957516,DKK
2018-12-03,1044.68,1063.87,1044.2,1044.2,14719756,DKK
2018-12-04,1043.92,1051.16,1041.65,1046.34,11512679,DKK
2018-12-05,1045.39,1048.61,1031.64,1045.95,10948789,DKK
2018-12-06,1045.8,1045.8,1021.2,1024.85,14692666,DKK
2018-12-07,1025.15,1045.56,1025.15,1038.9,13792223,DKK
2018-12-10,1037.19,1037.19,1022.14,1025.76,14309436,DKK
2018-12-11,1026.63,1043.42,1026.63,1036.84,14135929,DKK
2018-12-12,1037.36,1041.52,1031.77,1041.47,14631568,DKK
2018-12-13,1041.89,1051.66,1037.88,1050.41,13526747,DKK
2018-12-14,1050.01,1050.69,1040.05,1047.89,13764226,DKK
2018-12-17,1046.07,1046.07,1037.23,1037.93,13416006,DKK
2018-12-18,1037.7,1037.7,1026.84,1030.48,14225721,DKK
2018-12-19,1030.29,1030.29,1021.1,1023.41,15225024,DKK
2018-12-20,1019.47,1019.47,1002.24,1005.51,15643366,DKK
2018-12-21,1004.92,1004.92,986.31,997.93,24456154,DKK
2018-12-27,997.87,1009.18,980.75,980.75,10643363,DKK
2018-12-28,982.56,998.93,982.56,994.92,9529994,DKK
2019-01-02,994.45,1008.48,988.94,1004.76,10899557,DKK
2019-01-03,1003.54,1003.54,990.87,995.37,11255991,DKK
2019-01-04,996.57,1020.17,996.57,1020.17,12829419,DKK
2019-01-07,1020.39,1029.93,1013.67,1027.82,13218909,DKK
2019-01-08,1027.79,1044.59,1026.74,1037.4,15733180,DKK
2019-01-09,1038.73,1056.8,1038.73,1044.04,15695254,DKK
2019-01-10,1042.22,1042.59,1032.47,1037.85,12210133,DKK
2019-01-11,1038.28,1046.97,1033.27,1037.65,11593510,DKK
2019-01-14,1036.17,1036.17,1019.42,1021.22,12762951,DKK
2019-01-15,1023.12,1029.02,1020.89,1024.28,11034945,DKK
2019-01-16,1024.41,1036.69,1024.41,1032.84,13259374,DKK
2019-01-17,1032.88,1038.67,1026.19,1036.19,11943421,DKK
2019-01-18,1037.19,1047.02,1037.19,1044.29,13421624,DKK
2019-01-21,1044.22,1048.96,1044.03,1048.45,9215854,DKK
2019-01-22,1048.27,1052.53,1041.22,1044.64,12107469,DKK
2019-01-23,1044.17,1045.43,1036.62,1042.93,13212760,DKK
2019-01-24,1042.58,1046.92,1037.14,1040.48,14516589,DKK
2019-01-25,1040.67,1046.93,1034.35,1035.34,12919092,DKK
2019-01-28,1037.44,1039.74,1031.42,1031.53,11449636,DKK
2019-01-29,1031.03,1042.46,1030.51,1039.62,11864741,DKK
2019-01-30,1039.14,1043.39,1035.54,1042.3,11432604,DKK
2019-01-31,1042.74,1050.37,1034.62,1035.62,17391184,DKK
2019-02-01,1041.05,1055.62,1041.05,1054.91,20900556,DKK
2019-02-04,1052.59,1053.94,1047.0,1049.9,13947735,DKK
2019-02-05,1050.76,1073.54,1050.67,1073.44,18348380,DKK
2019-02-06,1076.01,1076.01,1068.11,1068.11,15672541,DKK
2019-02-07,1068.02,1073.19,1058.36,1061.69,13509289,DKK
2019-02-08,1061.66,1062.06,1050.83,1051.94,13009407,DKK
2019-02-11,1053.24,1065.96,1053.24,1063.79,11660303,DKK
2019-02-12,1065.47,1076.39,1065.47,1076.09,11963157,DKK
2019-02-13,1076.28,1081.05,1072.7,1076.16,11261613,DKK
2019-02-14,1077.39,1084.84,1077.21,1083.61,12359778,DKK
2019-02-15,1083.78,1089.62,1077.0,1089.62,10947187,DKK
2019-02-18,1089.8,1095.38,1087.93,1092.23,8807492,DKK
2019-02-19,1091.42,1092.91,1080.92,1083.41,12701112,DKK
2019-02-20,1086.32,1092.96,1085.86,1092.48,12375458,DKK
2019-02-21,1093.34,1094.05,1085.06,1086.98,14919634,DKK
2019-02-22,1085.63,1092.67,1082.14,1091.66,10907596,DKK
2019-02-25,1092.87,1099.06,1091.02,1097.06,13730628,DKK
2019-02-26,1096.86,1101.76,1093.96,1101.45,11334007,DKK
2019-02-27,1100.72,1104.53,1097.58,1099.42,15375552,DKK
2019-02-28,1097.08,1101.57,1093.38,1100.56,14632437,DKK
2019-03-01,1101.34,1108.09,1101.34,1104.78,11154364,DKK
2019-03-04,1106.65,1111.57,1103.91,1111.15,12594827,DKK
2019-03-05,1111.27,1114.63,1107.97,1113.92,9929335,DKK
2019-03-06,1113.72,1115.39,1107.99,1108.21,9013481,DKK
2019-03-07,1108.31,1114.33,1105.24,1105.86,12102074,DKK
2019-03-08,1105.49,1105.49,1100.29,1101.46,10182117,DKK
2019-03-11,1102.1,1104.85,1100.35,1103.93,9543219,DKK
2019-03-12,1104.57,1114.79,1104.57,1112.03,10086970,DKK
2019-03-13,1111.25,1118.53,1109.02,1118.53,10449822,DKK
2019-03-14,1118.08,1126.37,1116.53,1126.37,10857989,DKK
2019-03-15,1126.61,1133.35,1126.61,1130.9,20087148,DKK
2019-03-18,1130.86,1136.68,1130.86,1133.86,10493121,DKK
2019-03-19,1130.34,1139.39,1129.87,1138.98,13009815,DKK
2019-03-20,1138.51,1138.89,1133.62,1135.56,10916356,DKK
2019-03-21,1135.29,1135.94,1128.23,1134.34,10519190,DKK
2019-03-22,1134.79,1135.5,1117.98,1118.81,12090450,DKK
2019-03-25,1116.85,1116.85,1105.1,1112.36,10041749,DKK
2019-03-26,1112.68,1124.99,1112.56,1122.02,11072208,DKK
2019-03-27,1121.43,1127.63,1116.35,1118.0,12097748,DKK
2019-03-28,1118.17,1128.25,1116.8,1119.29,12501867,DKK
2019-03-29,1119.32,1127.03,1118.46,1122.87,12892723,DKK
2019-04-01,1123.39,1139.9,1123.39,1139.3,13540900,DKK
2019-04-02,1139.44,1148.69,1135.56,1147.0,14516338,DKK
2019-04-03,1147.33,1150.56,1142.01,1146.94,14634419,DKK
2019-04-04,1147.33,1147.33,1137.64,1137.68,12366142,DKK
2019-04-05,1138.03,1147.75,1138.03,1143.93,11225136,DKK
2019-04-08,1144.06,1148.0,1140.75,1143.69,12480930,DKK
2019-04-09,1142.43,1147.33,1137.39,1139.68,10882738,DKK
2019-04-10,1138.95,1143.13,1136.34,1140.81,11675083,DKK
2019-04-11,1140.95,1143.9,1136.35,1140.42,10514850,DKK
2019-04-12,1140.37,1146.05,1137.98,1144.09,11930923,DKK
2019-04-15,1144.12,1149.95,1143.33,1149.19,9675366,DKK
2019-04-16,1149.19,1154.92,1148.52,1149.77,9888391,DKK
2019-04-17,1148.67,1149.5,1140.1,1141.51,13289623,DKK
2019-04-23,1141.13,1146.21,1135.58,1143.74,14265107,DKK
2019-04-24,1143.76,1149.84,1140.42,1143.12,12568305,DKK
2019-04-25,1143.06,1145.51,1139.02,1139.42,11055477,DKK
2019-04-26,1139.83,1155.96,1139.6,1155.96,10369668,DKK
2019-04-29,1156.34,1159.18,1152.27,1157.19,9749803,DKK
2019-04-30,1153.49,1161.8,1148.67,1149.69,21842604,DKK
2019-05-01,1151.09,1157.96,1150.89,1153.16,8817799,DKK
2019-05-02,1153.58,1153.58,1139.1,1141.69,15987995,DKK
2019-05-03,1141.82,1145.63,1135.77,1138.64,15934868,DKK
2019-05-06,1137.85,1137.85,1118.83,1130.06,9293789,DKK
2019-05-07,1132.06,1144.34,1130.37,1133.76,15358879,DKK
2019-05-08,1133.64,1141.88,1128.47,1138.96,22596106,DKK
2019-05-09,1138.25,1138.31,1121.14,1125.93,14655633,DKK
2019-05-10,1126.95,1131.98,1122.39,1125.11,21584680,DKK
2019-05-13,1124.82,1124.82,1099.34,1101.88,17601718,DKK
2019-05-14,1102.52,1110.61,1100.03,1108.87,15422942,DKK
2019-05-15,1108.9,1118.85,1094.74,1103.92,14188804,DKK
2019-05-16,1104.41,1118.94,1103.15,1117.93,12860984,DKK
2019-05-20,1119.53,1122.4,1104.49,1108.78,15866303,DKK
2019-05-21,1109.46,1121.49,1109.46,1120.55,11751286,DKK
2019-05-22,1120.88,1134.23,1120.71,1132.36,12082423,DKK
2019-05-23,1132.11,1132.11,1116.77,1118.62,12743373,DKK
2019-05-24,1119.53,1127.63,1119.53,1122.97,12618109,DKK
2019-05-27,1124.87,1127.28,1114.76,1114.78,8537067,DKK
2019-05-28,1115.12,1128.36,1113.59,1127.7,26975572,DKK
2019-05-29,1126.79,1126.79,1096.79,1097.12,15831012,DKK
2019-06-03,1096.56,1099.96,1076.68,1099.94,19282948,DKK
2019-06-04,1099.53,1099.53,1081.04,1094.54,16924336,DKK
2019-06-06,1096.88,1118.58,1096.88,1107.72,16930038,DKK
2019-06-07,1107.78,1112.97,1103.29,1112.86,14368992,DKK
2019-06-11,1113.42,1133.37,1113.42,1129.49,20752132,DKK
2019-06-12,1129.49,1138.1,1125.07,1137.97,14659197,DKK
2019-06-13,1137.54,1141.06,1131.68,1133.82,12513142,DKK
2019-06-14,1132.48,1132.48,1122.42,1125.94,12368905,DKK
2019-06-17,1125.22,1129.47,1120.41,1128.56,11289410,DKK
2019-06-18,1129.09,1140.01,1118.93,1138.66,25767308,DKK
2019-06-19,1138.71,1142.19,1130.08,1142.19,21137848,DKK
2019-06-20,1143.92,1146.86,1140.13,1141.28,13859169,DKK
2019-06-21,1140.76,1141.29,1129.68,1129.68,22395936,DKK
2019-06-24,1129.42,1140.5,1126.18,1129.26,16558787,DKK
2019-06-25,1128.72,1131.27,1121.75,1130.99,14030775,DKK
2019-06-26,1131.54,1131.77,1124.92,1125.0,12865753,DKK
2019-06-27,1124.99,1125.03,1110.97,1114.01,13745933,DKK
2019-06-28,1113.69,1126.54,1112.21,1122.77,13473981,DKK
2019-07-01,1122.85,1146.12,1122.85,1141.42,13373484,DKK
2019-07-02,1141.42,1145.33,1138.62,1144.83,10288168,DKK
2019-07-03,1144.67,1163.51,1142.7,1159.66,11484004,DKK
2019-07-04,1159.03,1161.23,1150.35,1153.96,8129259,DKK
2019-07-05,1154.05,1155.28,1139.82,1141.09,10750880,DKK
2019-07-08,1140.76,1145.73,1137.53,1141.29,9621770,DKK
2019-07-09,1141.14,1141.14,1128.33,1135.18,14632486,DKK
2019-07-10,1134.81,1142.13,1129.68,1138.7,11924467,DKK
2019-07-11,1139.16,1144.95,1134.45,1135.14,11418595,DKK
2019-07-12,1135.12,1137.1,1123.31,1124.03,11981611,DKK
2019-07-15,1122.73,1132.25,1121.98,1130.1,9121855,DKK
2019-07-16,1129.95,1135.17,1124.49,1134.69,9082768,DKK
2019-07-17,1134.04,1138.18,1131.9,1132.43,7005403,DKK
2019-07-18,1130.57,1131.5,1123.04,1131.32,10518448,DKK
2019-07-19,1131.3,1134.02,1124.47,1128.41,10613062,DKK
2019-07-22,1128.18,1131.9,1125.27,1128.45,9127274,DKK
2019-07-23,1128.92,1133.44,1127.35,1133.42,10537999,DKK
2019-07-24,1133.17,1141.68,1133.17,1139.51,10512593,DKK
2019-07-25,1140.01,1148.36,1136.08,1141.16,10208557,DKK
2019-07-26,1141.0,1144.34,1137.59,1138.59,8765870,DKK
2019-07-29,1138.08,1145.11,1135.76,1139.35,7730964,DKK
2019-07-30,1139.18,1139.18,1117.7,1119.01,10202366,DKK
2019-07-31,1119.69,1126.21,1116.47,1124.37,11236362,DKK
2019-08-01,1124.19,1140.97,1121.14,1138.42,9203847,DKK
2019-08-02,1137.69,1137.69,1117.33,1118.53,13434393,DKK
2019-08-05,1117.05,1117.05,1089.22,1089.22,12245391,DKK
2019-08-06,1090.06,1104.41,1089.75,1098.8,11412781,DKK
2019-08-07,1099.1,1114.5,1097.77,1104.65,16110718,DKK
2019-08-08,1105.98,1122.21,1104.84,1121.75,15370431,DKK
2019-08-09,1124.77,1130.28,1113.97,1113.97,12717344,DKK
2019-08-12,1113.92,1124.86,1103.38,1104.3,10669780,DKK
2019-08-13,1104.31,1117.61,1098.43,1113.76,15682389,DKK
2019-08-14,1113.18,1113.45,1098.55,1098.7,15219357,DKK
2019-08-15,1099.86,1113.3,1086.52,1098.93,17261158,DKK
2019-08-16,1099.15,1120.76,1096.38,1120.29,17098608,DKK
2019-08-19,1120.95,1126.1,1113.07,1123.79,12376293,DKK
2019-08-20,1123.47,1132.84,1120.1,1124.1,13174162,DKK
2019-08-21,1124.04,1142.47,1124.04,1142.4,12961202,DKK
2019-08-22,1142.04,1147.43,1135.68,1138.95,19649866,DKK
2019-08-23,1139.34,1147.81,1131.97,1135.39,12972015,DKK
2019-08-26,1134.39,1134.39,1114.8,1124.42,10229300,DKK
2019-08-27,1124.73,1129.83,1121.39,1129.36,20015380,DKK
2019-08-28,1129.56,1131.91,1119.09,1123.27,14107894,DKK
2019-08-29,1124.13,1127.89,1117.86,1122.86,14069190,DKK
2019-08-30,1124.32,1134.21,1121.67,1133.69,15340375,DKK
2019-09-02,1133.9,1146.24,1133.39,1141.71,8810189,DKK
2019-09-03,1141.41,1148.63,1136.25,1144.64,12770248,DKK
2019-09-04,1145.07,1159.69,1145.07,1151.5,13677061,DKK
2019-09-05,1152.43,1162.05,1152.43,1155.62,15324905,DKK
2019-09-06,1156.37,1162.17,1153.57,1156.74,11816193,DKK
2019-09-09,1157.21,1160.39,1147.66,1149.51,17129268,DKK
2019-09-10,1149.41,1149.76,1122.68,1132.09,18912944,DKK
2019-09-11,1132.6,1153.26,1132.6,1152.66,15765636,DKK
2019-09-12,1154.43,1161.64,1145.19,1149.22,14281385,DKK
2019-09-13,1150.57,1152.03,1142.5,1147.91,15306350,DKK
2019-09-16,1147.6,1148.58,1138.18,1138.82,14034001,DKK
2019-09-17,1138.74,1144.75,1137.31,1144.42,14406992,DKK
2019-09-18,1144.25,1148.03,1141.07,1143.8,12974631,DKK
2019-09-19,1144.72,1148.29,1142.57,1146.5,11794055,DKK
2019-09-20,1146.5,1152.3,1143.74,1150.31,20897872,DKK
2019-09-23,1150.09,1156.39,1145.6,1148.82,13301008,DKK
2019-09-24,1149.78,1159.19,1149.71,1154.43,10776170,DKK
2019-09-25,1154.15,1154.15,1138.07,1142.98,8111244,DKK
2019-09-26,1143.01,1151.07,1140.94,1150.33,11986615,DKK
2019-09-27,1150.02,1152.4,1143.29,1148.64,9936628,DKK
2019-09-30,1147.76,1148.62,1141.15,1141.65,12357975,DKK
2019-10-01,1142.29,1150.55,1128.18,1128.8,15210746,DKK
2019-10-02,1127.89,1127.89,1098.25,1099.76,16759916,DKK
2019-10-03,1099.27,1106.3,1092.23,1101.06,12459218,DKK
2019-10-04,1101.4,1116.38,1101.4,1113.09,10836373,DKK
2019-10-07,1113.46,1123.28,1113.39,1121.7,8918595,DKK
2019-10-08,1122.19,1128.2,1110.54,1112.44,10111358,DKK
2019-10-09,1112.3,1120.34,1108.24,1114.01,10422765,DKK
2019-10-10,1114.42,1114.42,1094.77,1106.02,16478812,DKK
2019-10-11,1105.86,1117.37,1104.64,1117.37,15881638,DKK
2019-10-14,1117.7,1128.04,1115.32,1128.04,11290478,DKK
2019-10-15,1128.12,1139.83,1127.68,1139.83,12855018,DKK
2019-10-16,1139.65,1141.84,1126.64,1131.31,12809949,DKK
2019-10-17,1130.97,1138.14,1122.98,1132.16,11848771,DKK
2019-10-18,1131.75,1132.37,1121.14,1121.24,10091548,DKK
2019-10-21,1121.68,1133.52,1121.68,1133.27,11399308,DKK
2019-10-22,1133.22,1142.42,1128.53,1141.27,10688776,DKK
2019-10-23,1139.56,1144.45,1135.31,1142.43,14179434,DKK
2019-10-24,1142.25,1152.88,1142.25,1144.58,11147861,DKK
2019-10-25,1144.85,1148.93,1142.75,1148.93,9384683,DKK
2019-10-28,1150.02,1159.7,1145.6,1159.09,9139511,DKK
2019-10-29,1158.3,1158.86,1135.44,1146.8,14274393,DKK
2019-10-30,1146.8,1155.81,1145.33,1155.81,13349092,DKK
2019-10-31,1155.27,1159.0,1148.01,1149.41,13706840,DKK
2019-11-01,1149.82,1173.02,1148.95,1172.97,11104443,DKK
2019-11-04,1172.97,1180.6,1170.69,1180.6,14887443,DKK
2019-11-05,1181.12,1181.41,1165.25,1168.93,18784334,DKK
2019-11-06,1168.63,1168.63,1157.8,1165.05,26493092,DKK
2019-11-07,1166.7,1185.27,1166.7,1183.81,18853776,DKK
2019-11-08,1184.34,1196.27,1182.71,1195.87,25087196,DKK
2019-11-11,1195.91,1200.5,1190.23,1195.4,14292894,DKK
2019-11-12,1196.05,1199.92,1193.76,1199.92,11431996,DKK
2019-11-13,1198.93,1207.37,1191.09,1205.14,21500560,DKK
2019-11-14,1204.66,1208.73,1196.99,1200.51,12313440,DKK
2019-11-15,1202.1,1209.83,1200.87,1209.14,11686512,DKK
2019-11-18,1209.6,1213.61,1203.83,1205.94,15336953,DKK
2019-11-19,1206.6,1211.67,1204.19,1205.55,12552984,DKK
2019-11-20,1205.76,1208.22,1196.27,1199.58,14161801,DKK
2019-11-21,1198.97,1198.97,1186.52,1187.37,12475317,DKK
2019-11-22,1187.4,1200.63,1184.79,1196.22,12503611,DKK
2019-11-25,1196.3,1216.01,1196.3,1212.67,12148079,DKK
2019-11-26,1212.79,1224.58,1210.46,1224.21,17136148,DKK
2019-11-27,1224.38,1226.66,1219.12,1225.41,10634138,DKK
2019-11-28,1225.02,1227.22,1222.54,1226.73,7054730,DKK
2019-11-29,1225.23,1227.83,1218.78,1218.78,9955038,DKK
2019-12-02,1219.24,1227.55,1214.66,1214.66,14211355,DKK
2019-12-03,1214.88,1226.58,1212.24,1215.22,11575966,DKK
2019-12-04,1215.21,1227.34,1215.21,1223.58,9569085,DKK
2019-12-05,1223.9,1234.21,1223.9,1231.55,12559927,DKK
2019-12-06,1231.65,1241.15,1228.89,1240.31,10419950,DKK
2019-12-09,1240.79,1243.75,1231.47,1234.54,9630433,DKK
2019-12-10,1234.04,1236.5,1224.91,1232.95,10406828,DKK
2019-12-11,1232.76,1234.21,1225.31,1228.52,11261109,DKK
2019-12-12,1228.67,1234.6,1227.72,1233.59,12103622,DKK
2019-12-13,1235.12,1245.94,1231.8,1234.9,16815852,DKK
2019-12-16,1235.68,1259.45,1235.68,1257.06,12930860,DKK
2019-12-17,1257.47,1259.7,1252.08,1254.59,15243232,DKK
2019-12-18,1252.34,1255.83,1240.93,1240.93,13664617,DKK
2019-12-19,1241.55,1246.72,1236.51,1240.69,11164535,DKK
2019-12-20,1240.58,1250.37,1240.15,1247.15,16610178,DKK
2019-12-23,1247.54,1258.88,1247.32,1258.88,7089752,DKK
2019-12-27,1259.06,1265.38,1255.25,1264.36,6465994,DKK
2019-12-30,1264.08,1264.9,1253.9,1253.9,7228406,DKK
2020-01-02,1254.21,1259.59,1251.95,1253.25,10429854,DKK
2020-01-03,1251.98,1251.98,1237.36,1237.55,10433814,DKK
2020-01-06,1237.05,1237.05,1219.64,1235.16,10820567,DKK
2020-01-07,1240.1,1253.73,1237.15,1240.97,11676421,DKK
2020-01-08,1239.87,1241.64,1231.92,1239.03,21018886,DKK
2020-01-09,1240.86,1250.7,1240.86,1246.12,12765051,DKK
2020-01-10,1246.6,1250.72,1242.23,1246.79,11728517,DKK
2020-01-13,1247.56,1254.47,1247.52,1250.5,10459364,DKK
2020-01-14,1250.71,1255.01,1243.0,1255.01,11226432,DKK
2020-01-15,1254.65,1274.03,1251.58,1274.01,15898643,DKK
2020-01-16,1274.27,1280.55,1268.75,1272.92,13265797,DKK
2020-01-17,1273.22,1286.74,1273.22,1284.3,13025070,DKK
2020-01-20,1285.61,1294.1,1283.21,1287.53,7927630,DKK
2020-01-21,1287.36,1287.36,1276.44,1286.32,9698400,DKK
2020-01-22,1286.62,1300.36,1286.62,1294.2,11409196,DKK
2020-01-23,1293.99,1295.79,1284.95,1288.94,12777052,DKK
2020-01-24,1289.9,1304.56,1289.9,1299.42,12038715,DKK
2020-01-27,1295.27,1295.27,1268.33,1268.78,12031535,DKK
2020-01-28,1270.88,1277.65,1263.07,1276.93,11466374,DKK
2020-01-29,1277.47,1295.41,1277.47,1295.34,11779015,DKK
2020-01-30,1291.78,1291.78,1274.53,1274.98,12659037,DKK
2020-01-31,1277.63,1288.0,1276.89,1277.8,17351008,DKK
2020-02-03,1276.29,1280.5,1272.7,1278.76,13269527,DKK
2020-02-04,1280.31,1301.15,1278.46,1299.14,24796304,DKK
2020-02-05,1299.21,1333.28,1292.07,1330.64,25487556,DKK
2020-02-06,1331.06,1342.84,1325.75,1342.84,18526566,DKK
2020-02-07,1342.69,1345.87,1334.34,1340.25,13702654,DKK
2020-02-10,1339.24,1339.24,1325.55,1333.47,10625677,DKK
2020-02-11,1334.31,1351.88,1334.31,1351.88,15088482,DKK
2020-02-12,1351.79,1352.09,1339.1,1347.79,15368601,DKK
2020-02-13,1347.4,1351.01,1338.21,1345.14,13750596,DKK
2020-02-14,1348.05,1356.69,1348.05,1355.4,10800782,DKK
2020-02-17,1356.04,1361.11,1348.81,1354.48,9120808,DKK
2020-02-18,1352.03,1364.58,1341.83,1363.56,10868028,DKK
2020-02-19,1365.1,1377.67,1364.82,1376.67,12458335,DKK
2020-02-20,1376.92,1390.3,1370.25,1373.27,12430271,DKK
2020-02-21,1372.47,1372.47,1358.49,1361.53,12025479,DKK
2020-02-24,1349.48,1349.48,1306.05,1309.19,17429734,DKK
2020-02-25,1308.52,1321.47,1279.12,1286.2,16618803,DKK
2020-02-26,1285.29,1289.53,1225.81,1285.31,23915744,DKK
2020-02-27,1281.74,1281.74,1237.85,1249.38,21472018,DKK
2020-02-28,1217.17,1231.31,1201.33,1218.7,26720312,DKK
2020-03-02,1243.34,1261.61,1215.45,1230.64,22701796,DKK
2020-03-03,1255.44,1272.7,1245.71,1265.27,20781440,DKK
2020-03-04,1263.9,1281.48,1255.69,1271.58,18013678,DKK
2020-03-05,1287.88,1292.59,1257.87,1262.59,16904964,DKK
2020-03-06,1242.08,1245.81,1212.29,1227.15,19667568,DKK
2020-03-09,1149.29,1187.0,1143.95,1159.79,33415792,DKK
2020-03-10,1163.85,1195.11,1135.1,1143.17,28764636,DKK
2020-03-11,1151.34,1160.94,1114.98,1120.2,25644848,DKK
2020-03-12,1051.03,1076.24,1027.58,1030.26,37515624,DKK
2020-03-13,1051.41,1120.39,1031.19,1041.51,39709504,DKK
2020-03-16,1002.05,1026.38,959.72,1017.31,40630524,DKK
2020-03-17,1038.13,1047.96,989.49,1032.59,36329056,DKK
2020-03-18,1015.08,1028.03,989.09,1007.04,35995040,DKK
2020-03-19,1009.16,1023.28,996.62,1015.93,34890288,DKK
2020-03-20,1055.59,1061.83,1024.5,1031.37,40286552,DKK
2020-03-23,989.33,1018.68,984.27,990.61,31241996,DKK
2020-03-24,1026.0,1034.22,1007.29,1031.09,26823900,DKK
2020-03-25,1069.4,1082.49,1038.26,1055.5,28782876,DKK
2020-03-26,1054.99,1086.45,1049.13,1086.43,23872082,DKK
2020-03-27,1079.67,1086.11,1067.26,1075.92,20510034,DKK
2020-03-30,1084.65,1106.94,1063.1,1104.65,19881630,DKK
2020-03-31,1135.86,1145.0,1119.98,1126.5,26321772,DKK
2020-04-01,1112.5,1121.62,1100.73,1120.47,19200972,DKK
2020-04-02,1120.49,1126.18,1095.65,1114.05,20223184,DKK
2020-04-03,1115.8,1129.66,1106.96,1129.3,19123984,DKK
2020-04-06,1155.34,1157.7,1135.28,1142.94,18348056,DKK
2020-04-07,1164.78,1174.82,1155.88,1159.79,26534690,DKK
2020-04-08,1154.51,1156.28,1140.12,1151.31,17492220,DKK
2020-04-14,1172.96,1181.21,1161.91,1180.64,24139360,DKK
2020-04-15,1185.14,1186.49,1162.83,1165.22,20717552,DKK
2020-04-16,1169.79,1185.06,1166.83,1178.6,21100542,DKK
2020-04-17,1200.02,1204.75,1193.22,1204.65,22730558,DKK
2020-04-20,1211.11,1219.9,1205.46,1219.38,17735548,DKK
2020-04-21,1216.27,1216.47,1201.08,1206.34,18602204,DKK
2020-04-22,1206.56,1210.66,1202.69,1209.67,16463641,DKK
2020-04-23,1213.44,1233.71,1206.94,1230.7,16044805,DKK
2020-04-24,1216.25,1220.66,1211.81,1215.2,19764802,DKK
2020-04-27,1225.66,1230.17,1220.83,1223.94,15730793,DKK
2020-04-28,1230.19,1243.15,1225.27,1237.19,23389300,DKK
2020-04-29,1234.89,1239.69,1224.87,1236.36,24569364,DKK
2020-04-30,1241.26,1246.19,1230.67,1234.96,24224800,DKK
2020-05-01,1218.45,1225.47,1211.56,1220.74,10354199,DKK
2020-05-04,1213.47,1214.04,1201.1,1202.74,17027612,DKK
2020-05-05,1206.67,1218.46,1206.49,1216.11,21104376,DKK
2020-05-06,1223.0,1238.58,1221.08,1222.89,22975692,DKK
2020-05-07,1229.42,1243.87,1228.88,1239.77,18255710,DKK
2020-05-11,1253.17,1258.75,1245.89,1256.9,19676486,DKK
2020-05-12,1253.04,1266.46,1252.48,1260.15,24531556,DKK
2020-05-13,1248.05,1258.35,1240.64,1254.75,18578880,DKK
2020-05-14,1246.96,1250.66,1233.7,1236.51,20715780,DKK
2020-05-15,1248.01,1255.86,1239.94,1242.56,18533502,DKK
2020-05-18,1256.67,1274.65,1256.47,1274.65,20126544,DKK
2020-05-19,1279.49,1286.51,1274.91,1283.01,18498768,DKK
2020-05-20,1279.83,1301.68,1279.08,1301.59,17428508,DKK
2020-05-25,1298.95,1328.82,1297.7,1322.2,15275287,DKK
2020-05-26,1333.23,1333.52,1317.7,1327.0,22029618,DKK
2020-05-27,1330.15,1331.69,1287.08,1287.08,26749878,DKK
2020-05-28,1301.89,1327.65,1300.35,1324.42,21012828,DKK
2020-05-29,1324.58,1336.64,1318.29,1327.01,61014392,DKK
2020-06-02,1341.32,1342.62,1319.69,1331.65,22084460,DKK
2020-06-03,1334.5,1340.19,1325.39,1339.47,18246176,DKK
2020-06-04,1336.55,1342.49,1331.57,1334.68,18925226,DKK
2020-06-08,1342.23,1342.57,1319.9,1331.65,29780922,DKK
2020-06-09,1335.02,1347.89,1324.05,1333.8,22189644,DKK
2020-06-10,1333.5,1352.06,1333.5,1343.32,19255292,DKK
2020-06-11,1328.46,1338.86,1318.54,1318.71,19891828,DKK
2020-06-12,1297.41,1330.74,1296.46,1320.5,17915644,DKK
2020-06-15,1299.09,1321.14,1285.87,1316.96,19047236,DKK
2020-06-16,1330.89,1343.69,1330.58,1336.68,21158732,DKK
2020-06-17,1339.4,1357.67,1338.85,1357.67,19887078,DKK
2020-06-18,1353.06,1357.56,1343.6,1347.59,12906155,DKK
2020-06-19,1353.86,1370.12,1352.36,1360.74,26926698,DKK
2020-06-22,1355.71,1366.29,1354.49,1356.64,11699069,DKK
2020-06-23,1374.14,1380.37,1371.77,1379.3,15879941,DKK
2020-06-24,1373.13,1374.96,1353.43,1355.1,13071165,DKK
2020-06-25,1344.2,1356.38,1336.26,1350.7,16051940,DKK
2020-06-26,1354.69,1360.17,1341.86,1342.76,11922860,DKK
2020-06-29,1338.06,1350.82,1336.56,1344.2,12097460,DKK
2020-06-30,1346.92,1352.75,1342.61,1347.89,13783291,DKK
2020-07-01,1352.95,1362.26,1345.79,1361.13,14315468,DKK
2020-07-02,1368.79,1381.48,1362.38,1381.48,15936169,DKK
2020-07-03,1382.06,1391.68,1378.35,1379.59,9075610,DKK
2020-07-06,1390.29,1394.84,1381.85,1392.04,11098482,DKK
2020-07-07,1387.06,1392.53,1377.64,1392.51,12764692,DKK
2020-07-08,1391.28,1399.83,1387.09,1399.83,13721276,DKK
2020-07-09,1403.83,1414.09,1403.42,1405.2,13569113,DKK
2020-07-10,1399.47,1413.83,1399.47,1408.87,10753266,DKK
2020-07-13,1412.08,1424.47,1407.43,1424.47,12788283,DKK
2020-07-14,1416.74,1417.17,1403.05,1408.53,12744070,DKK
2020-07-15,1418.76,1440.15,1417.01,1440.15,13252725,DKK
2020-07-16,1429.26,1436.85,1421.17,1436.48,10688220,DKK
2020-07-17,1439.77,1447.17,1438.52,1445.0,13870795,DKK
2020-07-20,1447.53,1470.34,1446.38,1464.68,14392724,DKK
2020-07-21,1470.03,1481.03,1468.3,1473.47,14067889,DKK
2020-07-22,1472.85,1475.55,1461.75,1466.03,10414252,DKK
2020-07-23,1469.84,1476.36,1465.79,1465.88,9127810,DKK
2020-07-24,1453.37,1455.34,1437.3,1442.51,10423430,DKK
2020-07-27,1437.36,1450.04,1435.38,1448.45,9275826,DKK
2020-07-28,1445.7,1451.62,1440.42,1446.79,8789600,DKK
2020-07-29,1444.42,1449.74,1438.92,1442.87,10636166,DKK
2020-07-30,1441.24,1450.66,1425.69,1432.4,12059627,DKK
2020-07-31,1439.13,1453.54,1422.98,1423.63,12603670,DKK
2020-08-03,1421.41,1453.12,1419.77,1451.62,11945065,DKK
2020-08-04,1453.1,1458.44,1424.04,1433.98,11682829,DKK
2020-08-05,1437.91,1445.86,1434.34,1438.21,9751972,DKK
2020-08-06,1441.89,1449.75,1430.45,1432.21,10729310,DKK
2020-08-07,1432.16,1449.63,1431.93,1448.85,10164303,DKK
2020-08-10,1450.91,1452.45,1437.93,1439.44,8860461,DKK
2020-08-11,1454.08,1471.92,1450.24,1470.73,13148990,DKK
2020-08-12,1464.62,1475.14,1454.3,1475.12,16581840,DKK
2020-08-13,1466.9,1483.94,1463.06,1482.14,15422711,DKK
2020-08-14,1476.59,1477.85,1460.68,1460.68,11972627,DKK
2020-08-17,1460.64,1475.65,1459.7,1475.37,10037110,DKK
2020-08-18,1474.98,1475.68,1448.61,1453.47,15909430,DKK
2020-08-19,1455.7,1472.23,1453.91,1467.04,11655274,DKK
2020-08-20,1465.82,1469.47,1457.07,1460.43,12592886,DKK
2020-08-21,1467.82,1474.79,1458.05,1470.22,11085934,DKK
2020-08-24,1478.87,1491.37,1477.99,1478.68,10572868,DKK
2020-08-25,1476.56,1483.61,1474.24,1479.71,11727132,DKK
2020-08-26,1477.29,1490.51,1469.21,1489.44,16486519,DKK
2020-08-27,1491.27,1495.07,1478.17,1481.45,14970755,DKK
2020-08-28,1479.59,1479.95,1465.75,1469.9,12889728,DKK
2020-08-31,1473.7,1480.67,1472.21,1479.43,16597420,DKK
2020-09-01,1481.69,1486.45,1465.5,1465.5,15285571,DKK
2020-09-02,1474.65,1491.58,1472.46,1486.6,14681625,DKK
2020-09-03,1497.9,1505.24,1471.57,1471.7,14241717,DKK
2020-09-04,1470.28,1470.28,1425.86,1436.57,15432316,DKK
2020-09-07,1441.33,1466.74,1441.33,1464.53,9463393,DKK
2020-09-08,1468.66,1468.85,1427.97,1439.29,12599063,DKK
2020-09-09,1443.37,1477.84,1443.37,1474.58,13487422,DKK
2020-09-10,1476.66,1476.77,1463.4,1468.96,10236457,DKK
2020-09-11,1470.17,1472.66,1463.72,1465.33,10093880,DKK
2020-09-14,1472.22,1477.37,1459.74,1463.51,9071428,DKK
2020-09-15,1468.38,1485.13,1465.58,1477.99,10673990,DKK
2020-09-16,1481.22,1492.73,1481.22,1488.79,12173130,DKK
2020-09-17,1482.76,1493.77,1476.19,1492.81,13314008,DKK
2020-09-18,1492.7,1495.11,1487.63,1491.36,19900536,DKK
2020-09-21,1488.41,1488.88,1461.33,1469.48,13866831,DKK
2020-09-22,1476.58,1490.53,1463.49,1475.27,12491106,DKK
2020-09-23,1478.76,1484.43,1456.8,1483.08,11979151,DKK
2020-09-24,1466.7,1475.77,1461.12,1465.21,12879831,DKK
2020-09-25,1465.42,1472.61,1458.43,1472.61,12263580,DKK
2020-09-28,1485.34,1496.25,1485.34,1495.69,12913972,DKK
2020-09-29,1501.23,1516.13,1497.04,1512.51,3127597,DKK
2020-09-30,1506.01,1516.25,1503.6,1508.36,15339669,DKK
2020-10-01,1513.79,1529.12,1510.4,1525.68,12339178,DKK
2020-10-02,1515.68,1520.95,1508.87,1517.84,11890389,DKK
2020-10-05,1529.1,1539.83,1525.15,1539.83,9903872,DKK
2020-10-06,1542.65,1542.65,1526.87,1528.29,11735842,DKK
2020-10-07,1531.06,1544.14,1531.06,1536.63,12442880,DKK
2020-10-08,1547.5,1552.31,1539.85,1549.31,13811073,DKK
2020-10-09,1563.72,1569.48,1555.77,1565.08,17078448,DKK
2020-10-12,1574.02,1597.11,1571.94,1597.11,12580233,DKK
2020-10-13,1601.2,1602.54,1588.39,1597.0,11897897,DKK
2020-10-14,1599.05,1605.89,1590.04,1598.27,11785534,DKK
2020-10-15,1585.13,1587.57,1568.04,1570.79,11250816,DKK
2020-10-16,1577.79,1583.36,1571.1,1579.13,13282311,DKK
2020-10-19,1586.59,1588.78,1569.76,1569.76,9384810,DKK
2020-10-20,1564.31,1576.67,1564.31,1566.89,12028475,DKK
2020-10-21,1567.14,1567.14,1541.22,1541.22,14103046,DKK
2020-10-22,1535.77,1541.56,1525.76,1526.36,12554350,DKK
2020-10-23,1527.04,1534.64,1525.09,1529.24,10382459,DKK
2020-10-26,1511.8,1527.7,1497.76,1501.83,10261544,DKK
2020-10-27,1504.9,1509.84,1493.82,1501.66,13023984,DKK
2020-10-28,1490.23,1504.15,1461.54,1464.51,18436248,DKK
2020-10-29,1453.81,1503.11,1453.16,1493.91,15718521,DKK
2020-10-30,1485.64,1497.69,1481.95,1485.11,14196514,DKK
2020-11-02,1496.98,1501.12,1476.99,1497.09,13119720,DKK
2020-11-03,1513.37,1519.24,1501.37,1514.11,14598918,DKK
2020-11-04,1512.4,1555.24,1488.86,1555.24,26665984,DKK
2020-11-05,1569.49,1599.5,1569.47,1593.26,18993998,DKK
2020-11-06,1600.02,1600.02,1569.68,1586.33,14165308,DKK
2020-11-09,1604.61,1629.67,1545.84,1562.99,29169924,DKK
2020-11-10,1575.2,1582.04,1536.8,1552.16,26870900,DKK
2020-11-11,1553.56,1585.21,1540.85,1579.12,17764858,DKK
2020-11-12,1577.13,1595.74,1568.41,1585.57,15705428,DKK
2020-11-13,1584.64,1591.86,1577.15,1578.94,12535822,DKK
2020-11-16,1585.49,1585.53,1556.49,1570.7,16202420,DKK
2020-11-17,1569.37,1579.77,1563.46,1564.25,14721592,DKK
2020-11-18,1562.81,1577.35,1559.1,1564.55,13138052,DKK
2020-11-19,1557.47,1575.66,1557.37,1569.97,13272118,DKK
2020-11-20,1570.12,1595.77,1570.12,1595.77,12652686,DKK
2020-11-23,1602.02,1602.96,1581.85,1582.06,11991028,DKK
2020-11-24,1584.75,1588.59,1557.46,1558.89,39611612,DKK
2020-11-25,1562.7,1568.36,1555.86,1562.86,13368356,DKK
2020-11-26,1567.09,1575.58,1558.96,1572.36,8555011,DKK
2020-11-27,1569.08,1593.18,1567.13,1593.18,10729698,DKK
2020-11-30,1592.92,1611.21,1590.73,1596.78,25960454,DKK
2020-12-01,1596.83,1602.94,1577.9,1581.62,13918983,DKK
2020-12-02,1573.23,1598.34,1568.22,1575.69,12723648,DKK
2020-12-03,1576.98,1581.22,1554.04,1554.04,12772683,DKK
2020-12-04,1561.13,1565.23,1550.15,1554.98,14213711,DKK
2020-12-07,1561.45,1571.08,1559.54,1563.56,12209271,DKK
2020-12-08,1566.04,1580.46,1565.57,1579.64,11908285,DKK
2020-12-09,1585.99,1593.69,1573.06,1588.94,13118051,DKK
2020-12-10,1591.93,1594.32,1568.98,1576.91,14776278,DKK
2020-12-11,1577.78,1587.86,1567.76,1581.97,13872976,DKK
2020-12-14,1590.33,1601.49,1582.1,1600.27,13352786,DKK
2020-12-15,1601.99,1601.99,1582.58,1595.31,15657258,DKK
2020-12-16,1598.57,1617.08,1594.62,1612.62,16657858,DKK
2020-12-17,1619.23,1627.56,1612.28,1618.41,20941126,DKK
2020-12-18,1620.93,1644.28,1618.93,1643.84,20941126,DKK
2020-12-21,1646.37,1646.4,1623.22,1634.76,15606155,DKK
2020-12-22,1642.09,1654.25,1639.77,1654.2,10439833,DKK
2020-12-23,1663.44,1664.21,1643.55,1649.42,9321311,DKK
2020-12-28,1661.98,1683.32,1655.62,1682.93,7851656,DKK
2020-12-29,1693.74,1696.16,1682.32,1688.22,8501828,DKK
2020-12-30,1689.0,1695.17,1676.67,1676.67,9136922,DKK
2021-01-04,1688.28,1707.68,1686.97,1701.55,13898998,DKK
2021-01-05,1698.25,1701.95,1678.93,1680.59,14734770,DKK
2021-01-06,1690.91,1692.0,1671.97,1673.52,14238152,DKK
2021-01-07,1686.05,1700.7,1686.05,1691.89,17289334,DKK
2021-01-08,1706.2,1716.25,1697.2,1706.57,15261615,DKK
2021-01-11,1697.24,1705.45,1683.91,1690.54,14245178,DKK
2021-01-12,1693.41,1700.63,1662.93,1664.55,13524795,DKK
2021-01-13,1660.05,1672.46,1639.6,1671.63,15398607,DKK
2021-01-14,1671.05,1678.7,1666.09,1676.51,14521445,DKK
2021-01-15,1672.95,1677.63,1649.17,1657.63,15310546,DKK
2021-01-18,1650.14,1677.76,1650.14,1667.86,10006324,DKK
2021-01-19,1677.0,1688.83,1670.36,1686.82,15438507,DKK
2021-01-20,1690.33,1693.18,1673.87,1689.91,12112127,DKK
2021-01-21,1697.37,1708.85,1687.35,1691.06,13244807,DKK
2021-01-22,1690.69,1694.93,1672.85,1685.72,11006192,DKK
2021-01-25,1695.97,1696.31,1673.31,1688.72,12657929,DKK
2021-01-26,1680.01,1690.47,1665.73,1667.63,12403917,DKK
2021-01-27,1662.26,1662.26,1605.89,1628.07,27010796,DKK
2021-01-28,1606.19,1646.02,1562.23,1644.17,23784868,DKK
2021-01-29,1621.23,1631.75,1608.86,1612.51,16404901,DKK
2021-02-01,1624.01,1645.07,1620.21,1639.48,13076298,DKK
2021-02-02,1647.61,1669.71,1643.9,1665.37,14639385,DKK
2021-02-03,1680.11,1690.66,1669.69,1675.26,15706163,DKK
2021-02-04,1675.35,1697.76,1661.1,1665.23,16282598,DKK
2021-02-05,1674.08,1685.89,1671.72,1679.4,15201791,DKK
2021-02-08,1684.41,1688.62,1668.61,1672.76,13414003,DKK
2021-02-09,1669.07,1672.97,1656.53,1660.03,14281577,DKK
2021-02-10,1657.29,1658.85,1626.4,1631.47,15462210,DKK
2021-02-11,1633.32,1672.77,1633.32,1672.01,11963210,DKK
2021-02-12,1682.22,1697.79,1675.73,1696.0,12771992,DKK
2021-02-15,1710.62,1712.69,1701.3,1710.28,9834128,DKK
2021-02-16,1713.38,1718.31,1708.31,1711.93,9311612,DKK
2021-02-17,1704.05,1712.08,1693.2,1701.43,10499038,DKK
2021-02-18,1700.92,1711.69,1677.41,1678.12,10383432,DKK
2021-02-19,1681.02,1686.11,1662.8,1676.75,11973193,DKK
2021-02-22,1668.93,1670.65,1645.22,1645.22,8922742,DKK
2021-02-23,1645.22,1650.28,1591.09,1615.97,14903055,DKK
2021-02-24,1609.17,1627.05,1604.5,1609.75,11756725,DKK
2021-02-25,1625.24,1636.17,1621.46,1627.61,13485329,DKK
2021-02-26,1610.53,1629.05,1593.19,1606.86,16553872,DKK
2021-03-01,1626.38,1638.9,1625.46,1633.01,12667841,DKK
2021-03-02,1633.54,1643.25,1620.68,1620.93,10995682,DKK
2021-03-03,1624.03,1625.74,1575.06,1580.93,15116827,DKK
2021-03-04,1573.0,1584.72,1549.01,1560.01,20356460,DKK
2021-03-05,1552.87,1559.17,1538.08,1538.82,17380900,DKK
2021-03-08,1559.02,1561.17,1533.93,1556.4,15400143,DKK
2021-03-09,1563.02,1612.33,1558.63,1607.33,17371312,DKK
2021-03-10,1609.28,1625.79,1594.38,1621.94,15943852,DKK
2021-03-11,1623.02,1648.54,1618.14,1642.26,17740704,DKK
2021-03-12,1638.53,1639.01,1617.82,1624.13,12952553,DKK
2021-03-15,1637.01,1642.01,1629.98,1636.08,12843421,DKK
2021-03-16,1641.26,1657.61,1635.49,1655.74,14139609,DKK
2021-03-17,1650.03,1654.9,1614.05,1623.06,16237701,DKK
2021-03-18,1632.13,1634.82,1608.34,1630.6,16152512,DKK
2021-03-19,1617.4,1640.61,1615.13,1637.03,23022334,DKK
2021-03-22,1630.91,1653.34,1622.1,1649.25,12956664,DKK
2021-03-23,1647.46,1652.52,1635.46,1640.14,14087034,DKK
2021-03-24,1629.93,1639.4,1616.41,1619.52,13585309,DKK
2021-03-25,1612.01,1623.6,1605.69,1620.67,12533188,DKK
2021-03-26,1628.67,1651.25,1627.96,1651.25,12054845,DKK
2021-03-29,1657.91,1666.68,1642.76,1663.07,10113839,DKK
2021-03-30,1670.44,1672.11,1660.21,1665.35,10293567,DKK
2021-03-31,1667.11,1702.77,1661.3,1689.8,15038795,DKK
2021-04-06,1704.77,1713.25,1685.7,1695.96,16470214,DKK
2021-04-07,1703.05,1705.91,1677.97,1679.7,14105418,DKK
2021-04-08,1681.97,1712.46,1681.43,1710.22,13591150,DKK
2021-04-09,1711.49,1725.59,1701.78,1724.42,11019653,DKK
2021-04-12,1728.29,1728.51,1701.69,1703.76,10163033,DKK
2021-04-13,1705.63,1721.65,1704.83,1719.58,13481232,DKK
2021-04-14,1725.92,1729.89,1705.85,1706.24,12745772,DKK
2021-04-15,1712.63,1721.51,1706.45,1719.26,12389033,DKK
2021-04-16,1722.1,1741.62,1722.1,1737.89,15986684,DKK
2021-04-19,1737.89,1750.94,1727.53,1727.53,13289011,DKK
2021-04-20,1726.7,1733.85,1705.26,1705.26,21197244,DKK
2021-04-21,1713.46,1726.26,1708.02,1724.87,17805416,DKK
2021-04-22,1726.54,1766.45,1722.43,1763.85,14254876,DKK
2021-04-23,1765.04,1771.84,1754.95,1761.54,11916672,DKK
2021-04-26,1771.14,1783.56,1763.54,1765.21,11399522,DKK
2021-04-27,1779.03,1812.53,1779.03,1788.48,16093337,DKK
2021-04-28,1792.71,1792.76,1764.89,1781.11,16325616,DKK
2021-04-29,1788.51,1792.05,1765.05,1766.36,17732724,DKK
2021-05-03,1772.8,1776.5,1758.87,1769.41,16581296,DKK
2021-05-04,1778.33,1782.79,1730.01,1734.58,19766032,DKK
2021-05-05,1748.39,1779.22,1748.34,1771.03,20650572,DKK
2021-05-06,1776.24,1781.12,1748.43,1750.52,20444048,DKK
2021-05-07,1767.81,1779.95,1755.06,1779.53,16045784,DKK
2021-05-10,1779.14,1779.14,1764.59,1772.84,20462484,DKK
2021-05-11,1755.2,1755.65,1710.61,1726.27,19687972,DKK
2021-05-12,1725.54,1744.08,1716.82,1718.43,20005028,DKK
2021-05-17,1745.16,1748.48,1721.5,1742.44,21896180,DKK
2021-05-18,1753.89,1767.72,1749.79,1754.81,18702916,DKK
2021-05-19,1738.96,1751.71,1727.86,1743.61,14841888,DKK
2021-05-20,1752.69,1779.43,1752.19,1776.84,14585020,DKK
2021-05-21,1783.07,1803.03,1781.55,1796.89,14910213,DKK
2021-05-25,1800.64,1815.78,1800.03,1803.01,14631416,DKK
2021-05-26,1802.62,1815.1,1799.45,1801.52,14919097,DKK
2021-05-27,1801.35,1805.29,1781.81,1782.3,33872932,DKK
2021-05-28,1779.96,1810.38,1777.85,1805.89,13079265,DKK
2021-05-31,1810.0,1813.97,1793.05,1793.05,9755523,DKK
2021-06-01,1797.37,1817.3,1797.37,1807.12,14727518,DKK
2021-06-02,1808.26,1818.47,1784.47,1786.33,13686485,DKK
2021-06-03,1789.71,1794.47,1768.64,1787.96,10947628,DKK
2021-06-04,1792.1,1800.4,1783.89,1799.79,11492332,DKK
2021-06-07,1803.53,1806.95,1794.13,1806.36,12068799,DKK
2021-06-08,1805.13,1814.17,1794.18,1802.23,14424302,DKK
2021-06-09,1803.87,1820.02,1799.65,1815.42,11716698,DKK
2021-06-10,1819.21,1826.25,1796.9,1813.74,14504785,DKK
2021-06-11,1827.85,1829.8,1810.92,1814.29,13050721,DKK
2021-06-14,1821.35,1830.98,1819.01,1830.56,13121098,DKK
2021-06-15,1836.46,1845.7,1831.49,1837.63,12013195,DKK
2021-06-16,1838.85,1857.88,1835.94,1854.45,14112746,DKK
2021-06-17,1840.91,1844.83,1823.62,1838.66,15593948,DKK
2021-06-18,1841.94,1855.67,1825.69,1828.22,24521186,DKK
2021-06-21,1825.76,1836.35,1811.85,1836.35,11701062,DKK
2021-06-22,1843.01,1846.23,1830.38,1839.8,10368980,DKK
2021-06-23,1845.98,1847.09,1825.05,1825.89,9223158,DKK
2021-06-24,1828.91,1847.82,1826.99,1845.24,9970255,DKK
2021-06-25,1850.14,1850.46,1840.24,1847.02,11282101,DKK
2021-06-28,1851.42,1857.2,1842.87,1856.16,11103141,DKK
2021-06-29,1853.81,1877.08,1853.41,1868.65,15159001,DKK
2021-06-30,1872.29,1879.07,1854.24,1860.41,16802028,DKK
2021-07-01,1875.6,1893.54,1867.68,1888.88,15629494,DKK
2021-07-02,1892.19,1899.29,1878.55,1883.55,15149546,DKK
2021-07-05,1881.33,1891.13,1876.05,1886.4,8489176,DKK
2021-07-06,1887.66,1911.51,1887.34,1902.37,10525446,DKK
2021-07-07,1912.3,1931.91,1902.15,1925.73,13593096,DKK
2021-07-08,1922.55,1926.49,1901.3,1903.3,17643452,DKK
2021-07-09,1910.8,1916.39,1881.58,1897.15,15635436,DKK
2021-07-12,1898.33,1925.47,1897.58,1923.62,12008796,DKK
2021-07-13,1920.82,1927.0,1909.56,1923.86,10571712,DKK
2021-07-14,1920.87,1927.01,1908.31,1920.09,8671560,DKK
2021-07-15,1914.89,1919.49,1893.23,1895.5,15176453,DKK
2021-07-16,1897.34,1903.36,1885.42,1894.35,12975864,DKK
2021-07-19,1891.49,1892.08,1855.74,1875.74,13978366,DKK
2021-07-20,1884.27,1891.13,1860.34,1872.68,13166285,DKK
2021-07-21,1880.33,1905.36,1878.3,1904.63,12199088,DKK
2021-07-22,1909.02,1926.53,1898.63,1925.52,12361784,DKK
2021-07-23,1925.36,1932.04,1911.35,1922.46,15636388,DKK
2021-07-26,1924.93,1930.47,1911.06,1914.88,11317290,DKK
2021-07-27,1908.39,1911.36,1895.7,1902.68,11171804,DKK
2021-07-28,1900.07,1929.46,1898.51,1925.06,9915306,DKK
2021-07-29,1931.8,1938.04,1907.7,1916.05,10989043,DKK
2021-07-30,1905.07,1931.03,1900.67,1925.6,11809050,DKK
2021-08-02,1931.97,1940.31,1915.99,1933.32,9174828,DKK
2021-08-03,1936.33,1947.16,1932.48,1936.22,11155279,DKK
2021-08-04,1944.66,1969.06,1939.46,1965.84,11526479,DKK
2021-08-05,1972.61,1984.16,1972.04,1980.27,13406503,DKK
2021-08-06,1974.66,1977.17,1954.61,1957.61,14075362,DKK
2021-08-09,1958.96,1981.6,1958.96,1976.63,11347153,DKK
2021-08-10,1979.9,1992.15,1972.93,1975.52,13173443,DKK
2021-08-11,1974.35,1982.03,1958.4,1969.59,19364604,DKK
2021-08-12,1964.91,1970.95,1955.83,1964.73,14059202,DKK
2021-08-13,1969.16,1986.13,1969.16,1980.1,11143536,DKK
2021-08-16,1972.65,1984.27,1969.12,1977.7,9833093,DKK
2021-08-17,1976.93,1997.82,1967.4,1996.2,15167269,DKK
2021-08-18,1997.55,2011.42,1992.03,2009.14,15737055,DKK
2021-08-19,1991.25,2002.6,1976.39,1993.86,17923144,DKK
2021-08-20,1996.59,2009.6,1987.65,2007.49,13373432,DKK
2021-08-23,2013.85,2020.09,2000.58,2018.76,12821224,DKK
2021-08-24,2021.7,2023.45,2000.68,2001.26,12788559,DKK
2021-08-25,1998.09,2007.18,1985.1,1987.84,10221780,DKK
2021-08-26,1984.19,1993.11,1982.39,1988.55,9178849,DKK
2021-08-27,1979.25,1986.02,1974.74,1983.58,9285021,DKK
2021-08-30,1981.23,1995.11,1979.63,1993.13,7076969,DKK
2021-08-31,1997.45,2009.17,1971.07,1975.24,25664968,DKK
2021-09-01,1989.58,2000.68,1979.2,1988.31,14092845,DKK
2021-09-02,1989.95,2012.53,1985.62,2012.36,11478542,DKK
2021-09-03,2011.11,2018.88,1988.98,2003.87,11018287,DKK
2021-09-06,2009.41,2019.28,2006.3,2017.12,7652527,DKK
2021-09-07,2014.19,2021.42,2004.86,2011.61,9274423,DKK
2021-09-08,2002.33,2006.11,1978.17,1981.59,11934557,DKK
2021-09-09,1972.07,1982.92,1965.44,1978.68,10937436,DKK
2021-09-10,1977.04,1979.88,1956.81,1960.69,10864619,DKK
2021-09-13,1965.12,1976.74,1963.79,1968.48,11685741,DKK
2021-09-14,1967.75,1980.67,1962.44,1973.78,10728170,DKK
2021-09-15,1971.84,1978.18,1949.78,1952.35,15243964,DKK
2021-09-16,1951.92,1969.58,1951.63,1967.93,12209026,DKK
2021-09-17,1978.84,1984.08,1955.0,1955.65,18704074,DKK
2021-09-20,1935.93,1941.49,1911.01,1927.68,15149645,DKK
2021-09-21,1927.53,1969.0,1927.39,1964.6,10827027,DKK
2021-09-22,1976.87,1980.7,1961.89,1969.05,10073918,DKK
2021-09-23,1987.48,2006.28,1984.98,1998.06,11836574,DKK
2021-09-24,1992.06,1995.24,1959.38,1964.46,9981107,DKK
2021-09-27,1974.66,1979.12,1928.65,1931.97,11932449,DKK
2021-09-28,1925.65,1928.02,1879.73,1883.67,16063217,DKK
2021-09-29,1895.14,1924.31,1892.92,1892.92,12516603,DKK
2021-09-30,1919.87,1925.93,1877.43,1880.62,16206418,DKK
2021-10-01,1861.32,1879.69,1851.21,1856.66,12950798,DKK
2021-10-04,1849.83,1861.86,1822.84,1823.92,13302934,DKK
2021-10-05,1822.84,1842.03,1812.69,1839.95,13179139,DKK
2021-10-06,1836.88,1842.74,1801.92,1840.84,16394476,DKK
2021-10-07,1854.74,1866.11,1843.2,1863.12,13140468,DKK
2021-10-08,1869.05,1870.81,1838.98,1839.72,12699165,DKK
2021-10-11,1830.8,1831.66,1804.86,1826.03,11129053,DKK
2021-10-12,1818.07,1855.04,1814.71,1842.7,12220639,DKK
2021-10-13,1848.33,1894.15,1842.56,1888.7,12845213,DKK
2021-10-14,1893.48,1897.22,1872.2,1873.74,13681348,DKK
2021-10-15,1887.1,1898.71,1869.68,1898.65,17073646,DKK
2021-10-18,1892.48,1902.22,1880.41,1899.05,10861598,DKK
2021-10-19,1900.02,1923.74,1896.84,1922.77,12750726,DKK
2021-10-20,1921.2,1944.94,1920.64,1937.88,13205059,DKK
2021-10-21,1932.6,1948.32,1926.85,1947.0,10613005,DKK
2021-10-22,1950.23,1972.96,1942.66,1966.34,10154834,DKK
2021-10-25,1976.19,1979.47,1957.34,1968.54,9643146,DKK
2021-10-26,1969.45,1976.84,1955.64,1972.75,11757599,DKK
2021-10-27,1975.09,1977.45,1951.37,1965.13,11744462,DKK
2021-10-28,1950.8,1979.34,1942.06,1979.34,10013988,DKK
2021-10-29,1971.55,1981.68,1951.52,1971.32,20631396,DKK
2021-11-01,1980.79,1988.76,1970.27,1982.89,14601331,DKK
2021-11-02,1973.01,1993.5,1972.26,1990.65,14360565,DKK
2021-11-03,1992.11,1995.96,1959.88,1976.17,28250100,DKK
2021-11-04,1987.3,2013.32,1984.57,1991.18,17703940,DKK
2021-11-05,1988.58,1997.18,1954.56,1955.16,17263760,DKK
2021-11-08,1965.42,1988.9,1962.15,1985.41,19626092,DKK
2021-11-09,1980.08,2002.98,1974.78,1992.64,14377167,DKK
2021-11-10,1988.86,1990.3,1957.24,1975.53,13546601,DKK
2021-11-11,1979.85,2003.66,1970.05,2003.23,13775429,DKK
2021-11-12,2002.35,2020.69,2001.43,2020.69,14459146,DKK
2021-11-15,2015.37,2017.47,2006.45,2009.86,12163837,DKK
2021-11-16,2012.8,2014.0,2001.14,2002.38,11569794,DKK
2021-11-17,2000.92,2014.49,1998.71,2002.45,10560224,DKK
2021-11-18,2002.33,2012.37,1993.02,1995.92,9706222,DKK
2021-11-19,1988.8,2008.11,1986.8,1988.88,15018807,DKK
2021-11-22,1987.37,2005.36,1970.59,1973.26,14180120,DKK
2021-11-23,1954.02,1955.43,1909.18,1909.34,14273694,DKK
2021-11-24,1908.96,1926.38,1895.81,1905.69,12220832,DKK
2021-11-25,1912.24,1933.39,1911.8,1925.19,10046044,DKK
2021-11-26,1856.96,1923.27,1852.94,1907.66,18924974,DKK
2021-11-29,1915.71,1925.07,1893.43,1896.88,14479634,DKK
2021-11-30,1887.99,1906.05,1880.62,1882.55,27627512,DKK
