Date,Predict
2007-01-04,7019.193
2007-01-05,7019.193
2007-01-08,6960.4175
2007-01-09,6984.504
2007-01-10,7174.0327
2007-01-11,7379.128
2007-01-12,7600.5635
2007-01-15,7515.5615
2007-01-16,7442.0894
2007-01-17,7936.784
2007-01-18,8226.493
2007-01-19,7914.301
2007-01-22,8021.0845
2007-01-23,8378.951
2007-01-24,8580.147
2007-01-25,8496.771
2007-01-26,8489.901
2007-01-29,8131.146
2007-01-30,8476.886
2007-01-31,8605.291
2007-02-01,8498.895
2007-02-02,7762.101
2007-02-05,7925.254
2007-02-06,7540.6304
2007-02-07,7542.5703
2007-02-08,7667.652
2007-02-09,7814.217
2007-02-12,7953.016
2007-02-13,7860.8125
2007-02-14,8242.354
2007-02-15,8345.493
2007-02-16,8595.027
2007-02-26,8867.28
2007-02-27,8790.525
2007-02-28,8827.473
2007-03-01,7842.55
2007-03-02,8300.571
2007-03-05,8032.134
2007-03-06,8133.326
2007-03-07,8033.955
2007-03-08,8201.612
2007-03-09,8395.59
2007-03-12,8487.499
2007-03-13,8359.957
2007-03-14,8359.342
2007-03-15,8339.195
2007-03-16,8321.427
2007-03-19,8523.836
2007-03-20,8150.0566
2007-03-21,8523.236
2007-03-22,8576.371
2007-03-23,8656.437
2007-03-26,8639.338
2007-03-27,8725.594
2007-03-28,8857.416
2007-03-29,8837.157
2007-03-30,8813.62
2007-04-02,8756.076
2007-04-03,8783.771
2007-04-04,9028.223
2007-04-05,9178.229
2007-04-06,9291.813
2007-04-09,9294.653
2007-04-10,9510.456
2007-04-11,9691.28
2007-04-12,9869.214
2007-04-13,9955.689
2007-04-16,10170.25
2007-04-17,10230.127
2007-04-18,10473.298
2007-04-19,10501.099
2007-04-20,10531.527
2007-04-23,10062.252
2007-04-24,10547.696
2007-04-25,10941.362
2007-04-26,10793.639
2007-04-27,10907.612
2007-04-30,11019.531
2007-05-08,10887.701
2007-05-09,11266.95
2007-05-10,11666.547
2007-05-11,11693.482
2007-05-14,11601.971
2007-05-15,11522.65
2007-05-16,11920.464
2007-05-17,11554.108
2007-05-18,11942.592
2007-05-21,12183.271
2007-05-22,11859.521
2007-05-23,12469.068
2007-05-24,12599.315
2007-05-25,12843.866
2007-05-28,12662.949
2007-05-29,13001.674
2007-05-30,13272.107
2007-05-31,12821.37
2007-06-01,12671.153
2007-06-04,13127.602
2007-06-05,12561.595
2007-06-06,11337.894
2007-06-07,12281.104
2007-06-08,12552.328
2007-06-11,12904.147
2007-06-12,13113.801
2007-06-13,13428.947
2007-06-14,13864.876
2007-06-15,13932.73
2007-06-18,13776.719
2007-06-19,14188.668
2007-06-20,14378.182
2007-06-21,14692.743
2007-06-22,14230.714
2007-06-25,14416.94
2007-06-26,13859.687
2007-06-27,13049.453
2007-06-28,13485.928
2007-06-29,13723.47
2007-07-02,12724.954
2007-07-03,12661.709
2007-07-04,12744.597
2007-07-05,12969.765
2007-07-06,12473.996
2007-07-09,11895.502
2007-07-10,12688.798
2007-07-11,13048.949
2007-07-12,12804.357
2007-07-13,12982.657
2007-07-16,13037.788
2007-07-17,12992.201
2007-07-18,12435.654
2007-07-19,12921.109
2007-07-20,12941.401
2007-07-23,12957.901
2007-07-24,13795.631
2007-07-25,14449.594
2007-07-26,14391.063
2007-07-27,14670.429
2007-07-30,14712.404
2007-07-31,14762.365
2007-08-01,15254.134
2007-08-02,15465.599
2007-08-03,15101.772
2007-08-06,15913.96
2007-08-07,16522.21
2007-08-08,16781.664
2007-08-09,16572.701
2007-08-10,16417.389
2007-08-13,16837.799
2007-08-14,16439.314
2007-08-15,16313.936
2007-08-16,16666.55
2007-08-17,16426.36
2007-08-20,16151.608
2007-08-21,16300.052
2007-08-22,16967.43
2007-08-23,16937.695
2007-08-24,17687.518
2007-08-27,17934.105
2007-08-28,18198.12
2007-08-29,18067.238
2007-08-30,17938.668
2007-08-31,17735.33
2007-09-03,17930.77
2007-09-04,18243.244
2007-09-05,18476.281
2007-09-06,18306.459
2007-09-07,18346.021
2007-09-10,18241.762
2007-09-11,17719.648
2007-09-12,18180.525
2007-09-13,17307.799
2007-09-14,17715.602
2007-09-17,18281.943
2007-09-18,18388.193
2007-09-19,18830.195
2007-09-20,18620.283
2007-09-21,18397.207
2007-09-24,18537.219
2007-09-25,18547.957
2007-09-26,18712.305
2007-09-27,18498.41
2007-09-28,18238.988
2007-10-08,18704.404
2007-10-09,19559.902
2007-10-10,19449.438
2007-10-11,19615.244
2007-10-12,19546.129
2007-10-15,19621.387
2007-10-16,19354.88
2007-10-17,19410.607
2007-10-18,19597.217
2007-10-19,19512.26
2007-10-22,19036.29
2007-10-23,18785.25
2007-10-24,18611.352
2007-10-25,18961.617
2007-10-26,18924.03
2007-10-29,18266.748
2007-10-30,18919.209
2007-10-31,19176.768
2007-11-01,19494.084
2007-11-02,19829.506
2007-11-05,19083.055
2007-11-06,18712.998
2007-11-07,18314.248
2007-11-08,18492.197
2007-11-09,18438.994
2007-11-12,17522.537
2007-11-13,17002.732
2007-11-14,17440.682
2007-11-15,17237.805
2007-11-16,17542.041
2007-11-19,17107.55
2007-11-20,16961.572
2007-11-21,16738.146
2007-11-22,17264.508
2007-11-23,16597.184
2007-11-26,16020.423
2007-11-27,16733.209
2007-11-28,16136.146
2007-11-29,15944.735
2007-11-30,15772.849
2007-12-03,16160.488
2007-12-04,15792.277
2007-12-05,16106.213
2007-12-06,16286.75
2007-12-07,16878.805
2007-12-10,16808.857
2007-12-11,16682.44
2007-12-12,17382.645
2007-12-13,17156.252
2007-12-14,16944.336
2007-12-17,16066.7705
2007-12-18,16712.883
2007-12-19,16225.355
2007-12-20,16450.844
2007-12-21,16696.342
2007-12-24,16772.723
2007-12-25,17167.91
2007-12-26,17455.672
2007-12-27,17475.416
2007-12-28,17747.67
2008-01-02,18076.951
2008-01-03,17982.605
2008-01-04,18126.27
2008-01-07,18223.15
2008-01-08,18380.133
2008-01-09,18678.094
2008-01-10,18460.822
2008-01-11,18947.281
2008-01-14,19303.719
2008-01-15,19344.275
2008-01-16,19425.322
2008-01-17,19104.572
2008-01-18,18431.768
2008-01-21,18165.182
2008-01-22,18424.377
2008-01-23,16995.555
2008-01-24,16372.07
2008-01-25,17291.44
2008-01-28,17286.818
2008-01-29,17456.986
2008-01-30,16394.502
2008-01-31,16678.03
2008-02-01,16338.971
2008-02-04,16054.642
2008-02-05,16435.332
2008-02-13,17283.799
2008-02-14,16895.916
2008-02-15,16849.426
2008-02-18,16845.1
2008-02-19,16951.797
2008-02-20,17153.559
2008-02-21,17531.746
2008-02-22,17073.557
2008-02-25,16970.922
2008-02-26,16425.027
2008-02-27,16105.787
2008-02-28,15618.786
2008-02-29,16003.18
2008-03-03,15825.51
2008-03-04,15936.957
2008-03-05,16465.244
2008-03-06,15855.439
2008-03-07,15815.361
2008-03-10,15770.618
2008-03-11,15693.013
2008-03-12,14859.682
2008-03-13,15311.409
2008-03-14,14374.981
2008-03-17,14038.837
2008-03-18,13968.054
2008-03-19,13235.665
2008-03-20,12939.101
2008-03-21,13066.672
2008-03-24,13752.159
2008-03-25,14073.009
2008-03-26,13061.978
2008-03-27,13650.605
2008-03-28,13470.828
2008-03-31,13176.164
2008-04-01,13523.0625
2008-04-02,13450.934
2008-04-03,12706.864
2008-04-07,12408.119
2008-04-08,12662.928
2008-04-09,13609.014
2008-04-10,13697.609
2008-04-11,13061.978
2008-04-14,13547.78
2008-04-15,13192.464
2008-04-16,12371.143
2008-04-17,12496.999
2008-04-18,12271.13
2008-04-21,11699.0625
2008-04-22,12301.603
2008-04-23,11023.698
2008-04-24,11315.443
2008-04-25,12958.679
2008-04-28,13152.048
2008-04-29,13072.081
2008-04-30,12850.593
2008-05-05,13058.193
2008-05-06,13854.681
2008-05-07,13951.633
2008-05-08,13801.577
2008-05-09,12988.658
2008-05-12,13587.568
2008-05-13,13041.802
2008-05-14,12898.55
2008-05-15,13228.968
2008-05-16,13845.371
2008-05-19,13554.601
2008-05-20,13459.621
2008-05-21,13346.147
2008-05-22,12487.774
2008-05-23,12675.363
2008-05-26,12502.127
2008-05-27,12283.594
2008-05-28,12029.775
2008-05-29,12175.744
2008-05-30,12461.566
2008-06-02,12104.857
2008-06-03,12166.361
2008-06-04,12253.806
2008-06-05,12127.288
2008-06-06,12079.531
2008-06-10,11998.741
2008-06-11,11378.836
2008-06-12,10741.88
2008-06-13,10581.594
2008-06-16,10489.509
2008-06-17,10107.694
2008-06-18,9972.387
2008-06-19,9558.338
2008-06-20,9987.405
2008-06-23,9378.676
2008-06-24,9429.051
2008-06-25,9411.533
2008-06-26,9688.556
2008-06-27,10127.977
2008-06-30,9847.292
2008-07-01,9509.243
2008-07-02,9583.984
2008-07-03,9304.368
2008-07-04,9209.579
2008-07-07,9549.902
2008-07-08,9584.287
2008-07-09,10124.725
2008-07-10,10179.22
2008-07-11,10377.661
2008-07-14,10311.617
2008-07-15,10093.689
2008-07-16,10269.417
2008-07-17,9712.486
2008-07-18,9645.672
2008-07-21,9566.471
2008-07-22,9735.982
2008-07-23,10049.769
2008-07-24,10072.755
2008-07-25,9942.328
2008-07-28,10082.01
2008-07-29,10151.25
2008-07-30,10010.179
2008-07-31,10058.235
2008-08-01,9915.719
2008-08-04,9606.895
2008-08-05,9678.705
2008-08-06,9557.81
2008-08-07,9315.16
2008-08-08,9215.622
2008-08-11,9242.443
2008-08-12,8833.532
2008-08-13,8316.432
2008-08-14,8372.439
2008-08-15,8434.973
2008-08-18,8487.471
2008-08-19,8475.235
2008-08-20,7994.779
2008-08-21,8149.8843
2008-08-22,8638.72
2008-08-25,8415.472
2008-08-26,8339.543
2008-08-27,8215.604
2008-08-28,8097.506
2008-08-29,8075.609
2008-09-01,8079.646
2008-09-02,8183.9175
2008-09-03,7883.5254
2008-09-04,7787.7476
2008-09-05,7640.455
2008-09-08,7558.157
2008-09-09,7538.4717
2008-09-10,7299.914
2008-09-11,7257.173
2008-09-12,7318.1
2008-09-16,7141.3926
2008-09-17,7187.5938
2008-09-18,7126.4443
2008-09-19,6829.4233
2008-09-22,7379.043
2008-09-23,7896.453
2008-09-24,7463.557
2008-09-25,7160.1333
2008-09-26,7372.349
2008-10-06,7657.7725
2008-10-07,7659.678
2008-10-08,7217.025
2008-10-09,7250.284
2008-10-10,7315.3335
2008-10-13,6786.0303
2008-10-14,6643.5713
2008-10-15,7059.032
2008-10-16,6712.018
2008-10-17,6467.4644
2008-10-20,6534.48
2008-10-21,6540.935
2008-10-22,6742.616
2008-10-23,6608.8105
2008-10-24,6534.8535
2008-10-27,6631.7046
2008-10-28,6370.3647
2008-10-29,5954.675
2008-10-30,6310.758
2008-10-31,6182.7686
2008-11-03,6231.203
2008-11-04,6144.2344
2008-11-05,6156.2417
2008-11-06,6076.928
2008-11-07,6089.345
2008-11-10,5989.422
2008-11-11,6200.7334
2008-11-12,6441.462
2008-11-13,6351.41
2008-11-14,6364.071
2008-11-17,6729.518
2008-11-18,6929.2744
2008-11-19,7016.7324
2008-11-20,6590.33
2008-11-21,6863.2725
2008-11-24,6811.131
2008-11-25,6985.6626
2008-11-26,6866.759
2008-11-27,6811.4873
2008-11-28,7201.603
2008-12-01,6902.4375
2008-12-02,6929.247
2008-12-03,6914.9
2008-12-04,7117.041
2008-12-05,7390.6416
2008-12-08,7370.5093
2008-12-09,7619.3247
2008-12-10,7811.8467
2008-12-11,7569.3335
2008-12-12,7718.23
2008-12-15,7563.1123
2008-12-16,7448.6777
2008-12-17,7324.0684
2008-12-18,7525.8657
2008-12-19,7550.8525
2008-12-22,7645.6743
2008-12-23,7662.612
2008-12-24,7568.4487
2008-12-25,7152.387
2008-12-26,7152.198
2008-12-29,7029.674
2008-12-30,6936.0024
2008-12-31,6924.8154
2009-01-05,6846.0117
2009-01-06,6856.676
2009-01-07,6926.0293
2009-01-08,7056.411
2009-01-09,6896.739
2009-01-12,6916.659
2009-01-13,6982.3003
2009-01-14,6899.9834
2009-01-15,6820.445
2009-01-16,7028.1553
2009-01-19,7115.5127
2009-01-20,7248.1455
2009-01-21,7239.602
2009-01-22,7191.5547
2009-01-23,7269.211
2009-02-02,7299.261
2009-02-03,7344.0625
2009-02-04,7359.3027
2009-02-05,7558.937
2009-02-06,7719.3926
2009-02-09,7692.3164
2009-02-10,8123.8916
2009-02-11,8292.22
2009-02-12,8343.317
2009-02-13,8512.657
2009-02-16,8546.167
2009-02-17,8911.924
2009-02-18,8971.754
2009-02-19,8500.574
2009-02-20,8371.832
2009-02-23,8455.097
2009-02-24,8636.293
2009-02-25,8843.975
2009-02-26,8655.652
2009-02-27,8428.186
2009-03-02,7909.8716
2009-03-03,7760.4023
2009-03-04,7814.57
2009-03-05,7981.2285
2009-03-06,8557.178
2009-03-09,8318.597
2009-03-10,8526.848
2009-03-11,8064.879
2009-03-12,8445.039
2009-03-13,8132.893
2009-03-16,8193.283
2009-03-17,8081.536
2009-03-18,8262.574
2009-03-19,8650.876
2009-03-20,8694.0205
2009-03-23,8862.944
2009-03-24,8869.957
2009-03-25,9207.875
2009-03-26,9087.759
2009-03-27,8943.124
2009-03-30,9238.1045
2009-03-31,9188.028
2009-04-01,8948.163
2009-04-02,9227.5205
2009-04-03,9380.59
2009-04-07,9561.989
2009-04-08,9440.992
2009-04-09,9387.719
2009-04-10,9087.952
2009-04-13,9288.146
2009-04-14,9635.092
2009-04-15,9703.6045
2009-04-16,9811.317
2009-04-17,9931.7
2009-04-20,9861.15
2009-04-21,9743.015
2009-04-22,9847.342
2009-04-23,9870.178
2009-04-24,9369.761
2009-04-27,9585.129
2009-04-28,9480.18
2009-04-29,9207.075
2009-04-30,9291.209
2009-05-04,9649.317
2009-05-05,9750.881
2009-05-06,10135.188
2009-05-07,10119.249
2009-05-08,10402.082
2009-05-11,10190.093
2009-05-12,10421.33
2009-05-13,9954.342
2009-05-14,10380.1
2009-05-15,10353.155
2009-05-18,10449.037
2009-05-19,10384.278
2009-05-20,10584.297
2009-05-21,10624.021
2009-05-22,10474.229
2009-05-25,10224.652
2009-05-26,10039.494
2009-05-27,10350.32
2009-06-01,10272.17
2009-06-02,10440.329
2009-06-03,10678.682
2009-06-04,10643.541
2009-06-05,10820.059
2009-06-08,10931.597
2009-06-09,10820.078
2009-06-10,10816.982
2009-06-11,10987.049
2009-06-12,10971.367
2009-06-15,10845.394
2009-06-16,10748.125
2009-06-17,10824.852
2009-06-18,10950.611
2009-06-19,11213.119
2009-06-22,11332.77
2009-06-23,11481.686
2009-06-24,11186.374
2009-06-25,11287.119
2009-06-26,11576.203
2009-06-29,11591.239
2009-06-30,11589.091
2009-07-01,11810.52
2009-07-02,11695.111
2009-07-03,12041.889
2009-07-06,12039.199
2009-07-07,12469.723
2009-07-08,12619.3545
2009-07-09,12393.0205
2009-07-10,12660.5
2009-07-13,12810.284
2009-07-14,12876.085
2009-07-15,12923.076
2009-07-16,13201.211
2009-07-17,13333.886
2009-07-20,13232.131
2009-07-21,13325.74
2009-07-22,13557.99
2009-07-23,13288.095
2009-07-24,13552.102
2009-07-27,13782.402
2009-07-28,13779.79
2009-07-29,13968.45
2009-07-30,13961.079
2009-07-31,13316.49
2009-08-03,13565.387
2009-08-04,13916.99
2009-08-05,14109.454
2009-08-06,14079.814
2009-08-07,13841.309
2009-08-10,13637.79
2009-08-11,13283.708
2009-08-12,13206.696
2009-08-13,13266.167
2009-08-14,12792.699
2009-08-17,12978.914
2009-08-18,12437.112
2009-08-19,11693.272
2009-08-20,11983.887
2009-08-21,11359.081
2009-08-24,11767.899
2009-08-25,12129.043
2009-08-26,12176.005
2009-08-27,11764.167
2009-08-28,12034.669
2009-08-31,12046.068
2009-09-01,11463.261
2009-09-02,10633.567
2009-09-03,10673.539
2009-09-04,10940.785
2009-09-07,11582.288
2009-09-08,11757.225
2009-09-09,11713.822
2009-09-10,12166.511
2009-09-11,12121.087
2009-09-14,12005.015
2009-09-15,12312.845
2009-09-16,12574.485
2009-09-17,12564.867
2009-09-18,12502.952
2009-09-21,12655.739
2009-09-22,12002.689
2009-09-23,12152.183
2009-09-24,11953.695
2009-09-25,11552.101
2009-09-28,11547.817
2009-09-29,11584.066
2009-09-30,11258.899
2009-10-09,11287.508
2009-10-12,11665.276
2009-10-13,11995.211
2009-10-14,11875.834
2009-10-15,12080.905
2009-10-16,12259.188
2009-10-19,12213.385
2009-10-20,12214.329
2009-10-21,12735.993
2009-10-22,12854.16
2009-10-23,12841.296
2009-10-26,12826.531
2009-10-27,13041.369
2009-10-28,12874.837
2009-10-29,12517.549
2009-10-30,12438.239
2009-11-02,12595.661
2009-11-03,12183.081
2009-11-04,12925.718
2009-11-05,13058.275
2009-11-06,13118.679
2009-11-09,13167.7295
2009-11-10,13169.528
2009-11-11,13308.305
2009-11-12,13313.591
2009-11-13,13310.579
2009-11-16,13315.1875
2009-11-17,13531.278
2009-11-18,13948.906
2009-11-19,13863.101
2009-11-20,13850.568
2009-11-23,13826.426
2009-11-24,13891.839
2009-11-25,14084.02
2009-11-26,13586.961
2009-11-27,14032.418
2009-11-30,13241.476
2009-12-01,13188.909
2009-12-02,13653.419
2009-12-03,13906.329
2009-12-04,13971.723
2009-12-07,13913.747
2009-12-08,14108.932
2009-12-09,14266.674
2009-12-10,13960.309
2009-12-11,14046.419
2009-12-14,14127.024
2009-12-15,14066.113
2009-12-16,14048.803
2009-12-17,13943.016
2009-12-18,13876.052
2009-12-21,13439.363
2009-12-22,13084.224
2009-12-23,13216.625
2009-12-24,12805.728
2009-12-25,13039.373
2009-12-28,13475.33
2009-12-29,13487.628
2009-12-30,13663.168
2009-12-31,13683.072
2010-01-04,13816.903
2010-01-05,13948.428
2010-01-06,13719.198
2010-01-07,13688.376
2010-01-08,13693.69
2010-01-11,13356.053
2010-01-12,13738.893
2010-01-13,13362.612
2010-01-14,13205.141
2010-01-15,13211.452
2010-01-18,13423.538
2010-01-19,13409.849
2010-01-20,13567.116
2010-01-21,13552.891
2010-01-22,13101.102
2010-01-25,12927.955
2010-01-26,12675.232
2010-01-27,12665.133
2010-01-28,12324.196
2010-01-29,12175.402
2010-02-01,12225.331
2010-02-02,12292.423
2010-02-03,12202.473
2010-02-04,12127.389
2010-02-05,12344.303
2010-02-08,12058.382
2010-02-09,12066.192
2010-02-10,12101.998
2010-02-11,12249.73
2010-02-12,12346.11
2010-02-22,12427.038
2010-02-23,12466.896
2010-02-24,12353.124
2010-02-25,12161.344
2010-02-26,12492.874
2010-03-01,12641.864
2010-03-02,12649.728
2010-03-03,12765.06
2010-03-04,12713.381
2010-03-05,12818.134
2010-03-08,12480.6045
2010-03-09,12544.57
2010-03-10,12608.856
2010-03-11,12665.798
2010-03-12,12568.156
2010-03-15,12532.74
2010-03-16,12321.574
2010-03-17,12097.506
2010-03-18,12174.239
2010-03-19,12425.409
2010-03-22,12432.9
2010-03-23,12526.159
2010-03-24,12530.545
2010-03-25,12483.49
2010-03-26,12434.197
2010-03-29,12247.833
2010-03-30,12469.399
2010-03-31,12744.3955
2010-04-01,12773.553
2010-04-02,12681.547
2010-04-06,12888.689
2010-04-07,12995.772
2010-04-08,12866.86
2010-04-09,12773.048
2010-04-12,12621.066
2010-04-13,12775.76
2010-04-14,12555.699
2010-04-15,12683.964
2010-04-16,12731.019
2010-04-19,12672.543
2010-04-20,12415.527
2010-04-21,11793.018
2010-04-22,11723.173
2010-04-23,11910.987
2010-04-26,11847.627
2010-04-27,11867.102
2010-04-28,11731.566
2010-04-29,11416.434
2010-04-30,11568.642
2010-05-04,11302.067
2010-05-05,11126.115
2010-05-06,11020.654
2010-05-07,11104.024
2010-05-10,10358.369
2010-05-11,10330.83
2010-05-12,10656.577
2010-05-13,10182.888
2010-05-14,10335.054
2010-05-17,10526.403
2010-05-18,10341.938
2010-05-19,9899.563
2010-05-20,10082.207
2010-05-21,10094.793
2010-05-24,9878.93
2010-05-25,10468.455
2010-05-26,10709.235
2010-05-27,10525.037
2010-05-28,10513.9375
2010-05-31,10805.872
2010-06-01,10625.942
2010-06-02,10298.025
2010-06-03,10237.919
2010-06-04,10422.071
2010-06-07,10260.902
2010-06-08,10153.605
2010-06-09,10158.049
2010-06-10,10261.613
2010-06-11,10443.848
2010-06-17,10458.429
2010-06-18,10472.716
2010-06-21,10330.879
2010-06-22,10134.036
2010-06-23,10441.308
2010-06-24,10454.88
2010-06-25,10416.875
2010-06-28,10369.343
2010-06-29,10275.919
2010-06-30,10198.521
2010-07-01,9614.18
2010-07-02,9563.192
2010-07-05,9383.323
2010-07-06,9315.315
2010-07-07,9320.926
2010-07-08,9579.745
2010-07-09,9712.2705
2010-07-12,9665.249
2010-07-13,10008.221
2010-07-14,10028.658
2010-07-15,9992.216
2010-07-16,9973.193
2010-07-19,9858.999
2010-07-20,9907.364
2010-07-21,10269.931
2010-07-22,10517.696
2010-07-23,10474.535
2010-07-26,10680.753
2010-07-27,10725.372
2010-07-28,10743.693
2010-07-29,10736.734
2010-07-30,11015.067
2010-08-02,10969.101
2010-08-03,10956.989
2010-08-04,11205.96
2010-08-05,10949.419
2010-08-06,11029.522
2010-08-09,10930.692
2010-08-10,11091.021
2010-08-11,11194.787
2010-08-12,10827.749
2010-08-13,10852.649
2010-08-16,10852.838
2010-08-17,11038.163
2010-08-18,11346.837
2010-08-19,11469.908
2010-08-20,11449.189
2010-08-23,11446.325
2010-08-24,11264.629
2010-08-25,11233.687
2010-08-26,11309.502
2010-08-27,11168.135
2010-08-30,11159.555
2010-08-31,11281.02
2010-09-01,11439.711
2010-09-02,11535.073
2010-09-03,11647.933
2010-09-06,11663.057
2010-09-07,11715.703
2010-09-08,11839.899
2010-09-09,11797.189
2010-09-10,11916.646
2010-09-13,11631.511
2010-09-14,11707.492
2010-09-15,11885.537
2010-09-16,11819.038
2010-09-17,11556.885
2010-09-20,11346.408
2010-09-21,11387.912
2010-09-27,11355.641
2010-09-28,11428.743
2010-09-29,11546.517
2010-09-30,11430.539
2010-10-08,11321.006
2010-10-11,11760.506
2010-10-12,12204.542
2010-10-13,12388.9
2010-10-14,12544.833
2010-10-15,12861.056
2010-10-18,12589.793
2010-10-19,12974.907
2010-10-20,12813.407
2010-10-21,12786.34
2010-10-22,13350.613
2010-10-25,13263.53
2010-10-26,13468.926
2010-10-27,13962.296
2010-10-28,13863.071
2010-10-29,13572.358
2010-11-01,13611.373
2010-11-02,13562.725
2010-11-03,13944.334
2010-11-04,13830.529
2010-11-05,13580.494
2010-11-08,14005.021
2010-11-09,13968.387
2010-11-10,13966.239
2010-11-11,13838.308
2010-11-12,13851.905
2010-11-15,13774.947
2010-11-16,12944.022
2010-11-17,12994.117
2010-11-18,12207.222
2010-11-19,12223.464
2010-11-22,12408.05
2010-11-23,12357.554
2010-11-24,12422.726
2010-11-25,12166.19
2010-11-26,12681.467
2010-11-29,12744.235
2010-11-30,12696.772
2010-12-01,12684.245
2010-12-02,12469.038
2010-12-03,12712.625
2010-12-06,12626.764
2010-12-07,12655.276
2010-12-08,12556.091
2010-12-09,12842.144
2010-12-10,12733.054
2010-12-13,12442.221
2010-12-14,12715.426
2010-12-15,13126.816
2010-12-16,13107.361
2010-12-17,13008.909
2010-12-20,12965.364
2010-12-21,12986.591
2010-12-22,12755.811
2010-12-23,13070.99
2010-12-24,12931.829
2010-12-27,12761.866
2010-12-28,12745.02
2010-12-29,12403.123
2010-12-30,12246.809
2010-12-31,12278.733
2011-01-04,12338.614
2011-01-05,12748.063
2011-01-06,12804.751
2011-01-07,12854.18
2011-01-10,12757.171
2011-01-11,12746.693
2011-01-12,12443.559
2011-01-13,12604.337
2011-01-14,12626.531
2011-01-17,12558.989
2011-01-18,12327.02
2011-01-19,11865.189
2011-01-20,11951.319
2011-01-21,12201.148
2011-01-24,11699.772
2011-01-25,11827.396
2011-01-26,11631.121
2011-01-27,11624.613
2011-01-28,11647.363
2011-01-31,11955.468
2011-02-01,12050.391
2011-02-09,12210.986
2011-02-10,12069.754
2011-02-11,11940.9
2011-02-14,12329.4
2011-02-15,12486.206
2011-02-16,12938.92
2011-02-17,12846.235
2011-02-18,13080.075
2011-02-21,12921.239
2011-02-22,12695.484
2011-02-23,13089.836
2011-02-24,12605.252
2011-02-25,12644.924
2011-02-28,12755.488
2011-03-01,12828.416
2011-03-02,13083.486
2011-03-03,13050.542
2011-03-04,13061.444
2011-03-07,12884.919
2011-03-08,13134.317
2011-03-09,13321.463
2011-03-10,13346.094
2011-03-11,13289.621
2011-03-14,13100.829
2011-03-15,12985.632
2011-03-16,13078.359
2011-03-17,12869.957
2011-03-18,12912.718
2011-03-21,12967.787
2011-03-22,12916.318
2011-03-23,12850.208
2011-03-24,12840.58
2011-03-25,13050.181
2011-03-28,12969.36
2011-03-29,13193.684
2011-03-30,13020.582
2011-03-31,12848.373
2011-04-01,12836.147
2011-04-06,12729.244
2011-04-07,12819.062
2011-04-08,12920.504
2011-04-11,13053.389
2011-04-12,13249.7295
2011-04-13,13078.985
2011-04-14,13019.996
2011-04-15,13293.976
2011-04-18,13121.597
2011-04-19,13085.416
2011-04-20,13048.293
2011-04-21,12950.245
2011-04-22,12967.161
2011-04-25,12967.707
2011-04-26,12834.726
2011-04-27,12655.778
2011-04-28,12672.03
2011-04-29,12567.06
2011-05-03,12315.947
2011-05-04,12482.565
2011-05-05,12533.413
2011-05-06,12183.753
2011-05-09,12124.309
2011-05-10,12240.834
2011-05-11,12313.336
2011-05-12,12396.72
2011-05-13,12281.313
2011-05-16,12258.929
2011-05-17,12277.817
2011-05-18,12198.358
2011-05-19,12267.694
2011-05-20,12437.877
2011-05-23,12334.906
2011-05-24,12315.606
2011-05-25,11869.324
2011-05-26,11881.852
2011-05-27,11861.164
2011-05-30,11702.601
2011-05-31,11621.905
2011-06-01,11651.332
2011-06-02,11814.484
2011-06-03,11732.004
2011-06-07,11657.909
2011-06-08,11779.597
2011-06-09,11892.046
2011-06-10,11890.926
2011-06-13,11674.154
2011-06-14,11683.633
2011-06-15,11666.795
2011-06-16,11868.875
2011-06-17,11682.223
2011-06-20,11617.358
2011-06-21,11573.996
2011-06-22,11526.622
2011-06-23,11690.201
2011-06-24,11677.484
2011-06-27,11915.685
2011-06-28,12171.489
2011-06-29,12223.154
2011-06-30,12215.453
2011-07-01,12102.029
2011-07-04,12315.987
2011-07-05,12409.134
2011-07-06,12601.569
2011-07-07,12589.148
2011-07-08,12609.511
2011-07-11,12558.667
2011-07-12,12525.706
2011-07-13,12512.1045
2011-07-14,12453.593
2011-07-15,12684.851
2011-07-18,12558.426
2011-07-19,12680.811
2011-07-20,12597.806
2011-07-21,12614.373
2011-07-22,12558.325
2011-07-25,12499.11
2011-07-26,12425.683
2011-07-27,12118.179
2011-07-28,12088.818
2011-07-29,12180.823
2011-08-01,12236.637
2011-08-02,12141.595
2011-08-03,12093.633
2011-08-04,11979.257
2011-08-05,12120.698
2011-08-08,11751.522
2011-08-09,11742.149
2011-08-10,11174.278
2011-08-11,11684.883
2011-08-12,11426.3
2011-08-15,11849.28
2011-08-16,11852.092
2011-08-17,11947.943
2011-08-18,11813.632
2011-08-19,11762.708
2011-08-22,11384.642
2011-08-23,11481.067
2011-08-24,11312.832
2011-08-25,11479.75
2011-08-26,11434.66
2011-08-29,11713.122
2011-08-30,11630.472
2011-08-31,11623.525
2011-09-01,11536.93
2011-09-02,11590.73
2011-09-05,11489.763
2011-09-06,11295.619
2011-09-07,11054.918
2011-09-08,11019.61
2011-09-09,11229.503
2011-09-13,11157.306
2011-09-14,10906.856
2011-09-15,10975.421
2011-09-16,11007.186
2011-09-19,11072.82
2011-09-20,10983.55
2011-09-21,10804.491
2011-09-22,10851.944
2011-09-23,11063.889
2011-09-26,10636.529
2011-09-27,10603.93
2011-09-28,10587.881
2011-09-29,10692.326
2011-09-30,10468.949
2011-10-10,10511.821
2011-10-11,10488.003
2011-10-12,10587.594
2011-10-13,10173.641
2011-10-14,10570.547
2011-10-17,10628.328
2011-10-18,10626.11
2011-10-19,10613.296
2011-10-20,10428.328
2011-10-21,10224.722
2011-10-24,9979.074
2011-10-25,9915.552
2011-10-26,10130.941
2011-10-27,10320.809
2011-10-28,10513.177
2011-10-31,10647.039
2011-11-01,10716.174
2011-11-02,10560.283
2011-11-03,10463.936
2011-11-04,10787.616
2011-11-07,10889.857
2011-11-08,10828.979
2011-11-09,10788.56
2011-11-10,10744.695
2011-11-11,10678.82
2011-11-14,10670.746
2011-11-15,10671.8955
2011-11-16,10800.105
2011-11-17,10762.912
2011-11-18,10489.349
2011-11-21,10409.938
2011-11-22,10208.056
2011-11-23,10148.135
2011-11-24,10218.459
2011-11-25,10067.242
2011-11-28,10120.529
2011-11-29,10085.526
2011-11-30,10147.387
2011-12-01,10168.111
2011-12-02,10152.904
2011-12-05,10046.433
2011-12-06,9984.484
2011-12-07,9752.097
2011-12-08,9765.352
2011-12-09,9785.73
2011-12-12,9700.495
2011-12-13,9643.242
2011-12-14,9531.057
2011-12-15,9356.093
2011-12-16,9235.961
2011-12-19,9064.481
2011-12-20,9198.559
2011-12-21,9216.381
2011-12-22,9304.477
2011-12-23,9029.165
2011-12-26,9097.827
2011-12-27,9129.32
2011-12-28,9075.841
2011-12-29,8872.538
2011-12-30,8897.579
2012-01-04,9006.605
2012-01-05,9177.207
2012-01-06,8858.734
2012-01-09,8804.703
2012-01-10,8844.595
2012-01-11,9128.328
2012-01-12,9467.304
2012-01-13,9382.776
2012-01-16,9407.605
2012-01-17,9148.401
2012-01-18,9036.224
2012-01-19,9514.612
2012-01-20,9312.828
2012-01-30,9536.155
2012-01-31,9667.131
2012-02-01,9467.342
2012-02-02,9467.05
2012-02-03,9412.763
2012-02-06,9536.967
2012-02-07,9636.718
2012-02-08,9580.498
2012-02-09,9449.308
2012-02-10,9731.843
2012-02-13,9723.487
2012-02-14,9649.239
2012-02-15,9757.983
2012-02-16,9707.751
2012-02-17,9828.921
2012-02-20,9862.604
2012-02-21,9921.263
2012-02-22,9814.4795
2012-02-23,9890.582
2012-02-24,10037.595
2012-02-27,10099.354
2012-02-28,10331.105
2012-02-29,10328.993
2012-03-01,10300.997
2012-03-02,10187.008
2012-03-05,10253.7705
2012-03-06,10509.802
2012-03-07,10366.707
2012-03-08,10173.966
2012-03-09,10266.901
2012-03-12,10376.298
2012-03-13,10494.917
2012-03-14,10480.765
2012-03-15,10657.599
2012-03-16,10275.919
2012-03-19,10289.774
2012-03-20,10429.229
2012-03-21,10427.982
2012-03-22,10326.287
2012-03-23,10257.153
2012-03-26,10178.903
2012-03-27,10049.857
2012-03-28,10136.075
2012-03-29,9979.408
2012-03-30,9663.123
2012-04-05,9612.691
2012-04-06,9597.348
2012-04-09,9885.621
2012-04-10,9919.218
2012-04-11,9863.96
2012-04-12,9864.234
2012-04-13,9996.612
2012-04-16,10218.696
2012-04-17,10152.018
2012-04-18,10175.258
2012-04-19,10065.765
2012-04-20,10225.116
2012-04-23,10180.265
2012-04-24,10316.119
2012-04-25,10186.248
2012-04-26,10188.712
2012-04-27,10356.068
2012-05-02,10364.592
2012-05-03,10491.486
2012-05-04,10586.287
2012-05-07,10635.103
2012-05-08,10682.756
2012-05-09,10774.228
2012-05-10,10581.881
2012-05-11,10460.12
2012-05-14,10434.209
2012-05-15,10451.4
2012-05-16,10203.058
2012-05-17,10274.4795
2012-05-18,10119.071
2012-05-21,10172.015
2012-05-22,10071.396
2012-05-23,10206.152
2012-05-24,10317.018
2012-05-25,10296.94
2012-05-28,10156.512
2012-05-29,9995.628
2012-05-30,10276.047
2012-05-31,10369.965
2012-06-01,10264.752
2012-06-04,10316.238
2012-06-05,10164.741
2012-06-06,10077.187
2012-06-07,10041.796
2012-06-08,10098.514
2012-06-11,10018.159
2012-06-12,9912.072
2012-06-13,9979.9795
2012-06-14,10013.957
2012-06-15,10114.313
2012-06-18,10084.011
2012-06-19,10098.4375
2012-06-20,10130.716
2012-06-21,10055.075
2012-06-25,9966.909
2012-06-26,9817.679
2012-06-27,9560.314
2012-06-28,9629.959
2012-06-29,9635.288
2012-07-02,9561.51
2012-07-03,9758.199
2012-07-04,9749.842
2012-07-05,9819.064
2012-07-06,9695.349
2012-07-09,9648.377
2012-07-10,9818.189
2012-07-11,9652.962
2012-07-12,9640.922
2012-07-13,9758.631
2012-07-16,9900.919
2012-07-17,9948.237
2012-07-18,9687.948
2012-07-19,9729.039
2012-07-20,9673.677
2012-07-23,9657.087
2012-07-24,9445.693
2012-07-25,9326.527
2012-07-26,9416.006
2012-07-27,9341.031
2012-07-30,9292.867
2012-07-31,9281.046
2012-08-01,9274.707
2012-08-02,9242.326
2012-08-03,9343.148
2012-08-06,9212.055
2012-08-07,9249.668
2012-08-08,9408.415
2012-08-09,9422.19
2012-08-10,9394.369
2012-08-13,9523.542
2012-08-14,9416.886
2012-08-15,9234.393
2012-08-16,9247.396
2012-08-17,9213.838
2012-08-20,9160.3
2012-08-21,9006.547
2012-08-22,9031.984
2012-08-23,9059.15
2012-08-24,8942.289
2012-08-27,8901.559
2012-08-28,8770.761
2012-08-29,8603.203
2012-08-30,8579.52
2012-08-31,8438.665
2012-09-03,8438.84
2012-09-04,8440.198
2012-09-05,8588.776
2012-09-06,8442.889
2012-09-07,8474.311
2012-09-10,8578.698
2012-09-11,8941.561
2012-09-12,8931.502
2012-09-13,8989.698
2012-09-14,8980.566
2012-09-17,9002.884
2012-09-18,8921.048
2012-09-19,8668.131
2012-09-20,8620.911
2012-09-21,8606.915
2012-09-24,8407.838
2012-09-25,8370.869
2012-09-26,8514.134
2012-09-27,8507.281
2012-09-28,8419.2295
2012-10-08,8635.21
2012-10-09,8882.88
2012-10-10,8791.339
2012-10-11,8931.174
2012-10-12,8944.949
2012-10-15,8899.666
2012-10-16,8866.125
2012-10-17,8825.115
2012-10-18,8889.545
2012-10-19,8878.747
2012-10-22,9018.278
2012-10-23,8951.835
2012-10-24,9025.597
2012-10-25,8868.085
2012-10-26,8859.598
2012-10-29,8804.411
2012-10-30,8608.316
2012-10-31,8598.556
2012-11-01,8625.571
2012-11-02,8684.297
2012-11-05,8873.887
2012-11-06,8879.26
2012-11-07,8855.533
2012-11-08,8789.353
2012-11-09,8700.03
2012-11-12,8598.274
2012-11-13,8585.878
2012-11-14,8597.153
2012-11-15,8460.267
2012-11-16,8450.612
2012-11-19,8391.39
2012-11-20,8333.709
2012-11-21,8299.907
2012-11-22,8281.609
2012-11-23,8304.987
2012-11-26,8299.272
2012-11-27,8321.128
2012-11-28,8215.325
2012-11-29,8145.8037
2012-11-30,8087.8467
2012-12-03,8044.334
2012-12-04,8135.1772
2012-12-05,7925.541
2012-12-06,8019.887
2012-12-07,8306.797
2012-12-10,8272.798
2012-12-11,8419.827
2012-12-12,8449.562
2012-12-13,8441.2295
2012-12-14,8442.378
2012-12-17,8404.929
2012-12-18,8753.995
2012-12-19,8784.256
2012-12-20,8787.55
2012-12-21,8811.323
2012-12-24,8906.8955
2012-12-25,8853.227
2012-12-26,8820.124
2012-12-27,9086.317
2012-12-28,9173.184
2012-12-31,9150.505
2013-01-04,9237.834
2013-01-07,9395.054
2013-01-08,9268.046
2013-01-09,9295.414
2013-01-10,9271.489
2013-01-11,9343.988
2013-01-14,9376.557
2013-01-15,9178.161
2013-01-16,9520.941
2013-01-17,9546.811
2013-01-18,9523.045
2013-01-21,9545.891
2013-01-22,9726.96
2013-01-23,9774.613
2013-01-24,9680.381
2013-01-25,9724.399
2013-01-28,9618.539
2013-01-29,9548.737
2013-01-30,9818.298
2013-01-31,9876.318
2013-02-01,9967.577
2013-02-04,9830.659
2013-02-05,10009.5205
2013-02-06,9898.078
2013-02-07,10118.933
2013-02-08,10073.818
2013-02-18,10058.097
2013-02-19,10211.911
2013-02-20,9966.378
2013-02-21,9731.794
2013-02-22,9737.276
2013-02-25,9573.362
2013-02-26,9586.069
2013-02-27,9480.825
2013-02-28,9431.737
2013-03-01,9580.078
2013-03-04,9812.9375
2013-03-05,9580.47
2013-03-06,9330.998
2013-03-07,9583.427
2013-03-08,9595.616
2013-03-11,9583.523
2013-03-12,9446.688
2013-03-13,9457.6455
2013-03-14,9343.148
2013-03-15,9225.025
2013-03-18,9281.114
2013-03-19,9243.077
2013-03-20,9208.896
2013-03-21,9230.689
2013-03-22,9504.274
2013-03-25,9507.562
2013-03-26,9556.155
2013-03-27,9479.035
2013-03-28,9410.916
2013-03-29,9292.927
2013-04-01,9172.648
2013-04-02,9100.183
2013-04-03,9170.642
2013-04-08,9203.403
2013-04-09,9028.631
2013-04-10,9162.463
2013-04-11,9190.532
2013-04-12,9213.107
2013-04-15,9109.66
2013-04-16,8994.459
2013-04-17,8861.771
2013-04-18,9052.654
2013-04-19,9037.555
2013-04-22,9108.735
2013-04-23,9289.269
2013-04-24,9249.775
2013-04-25,8988.153
2013-04-26,9070.073
2013-05-02,9010.279
2013-05-03,8849.8125
2013-05-06,8939.648
2013-05-07,9086.152
2013-05-08,9170.788
2013-05-09,9275.029
2013-05-10,9265.259
2013-05-13,9210.145
2013-05-14,9274.023
2013-05-15,9199.328
2013-05-16,9024.519
2013-05-17,9039.207
2013-05-20,9254.941
2013-05-21,9463.472
2013-05-22,9503.198
2013-05-23,9587.38
2013-05-24,9550.127
2013-05-27,9477.08
2013-05-28,9467.47
2013-05-29,9453.403
2013-05-30,9641.656
2013-05-31,9575.662
2013-06-03,9583.975
2013-06-04,9449.152
2013-06-05,9444.411
2013-06-06,9325.797
2013-06-07,9298.7295
2013-06-13,9188.408
2013-06-14,8848.28
2013-06-17,8670.771
2013-06-18,8710.426
2013-06-19,8646.068
2013-06-20,8641.37
2013-06-21,8583.752
2013-06-24,8240.527
2013-06-25,8339.543
2013-06-26,7736.7134
2013-06-27,7792.1206
2013-06-28,7843.735
2013-07-01,7757.244
2013-07-02,7891.882
2013-07-03,7960.261
2013-07-04,7986.897
2013-07-05,7884.376
2013-07-08,8086.609
2013-07-09,7980.0225
2013-07-10,7867.819
2013-07-11,7853.7397
2013-07-12,8091.826
2013-07-15,8392.68
2013-07-16,8298.07
2013-07-17,8333.776
2013-07-18,8383.662
2013-07-19,8253.688
2013-07-22,8145.7554
2013-07-23,7853.0522
2013-07-24,7975.8276
2013-07-25,8175.5317
2013-07-26,8179.057
2013-07-29,8079.502
2013-07-30,8009.473
2013-07-31,7931.244
2013-08-01,8083.655
2013-08-02,8054.793
2013-08-05,8250.919
2013-08-06,8185.2324
2013-08-07,8260.478
2013-08-08,8388.913
2013-08-09,8315.305
2013-08-12,8380.512
2013-08-13,8403.222
2013-08-14,8568.507
2013-08-15,8589.539
2013-08-16,8558.239
2013-08-19,8424.59
2013-08-20,8334.69
2013-08-21,8487.953
2013-08-22,8483.032
2013-08-23,8443.081
2013-08-26,8498.914
2013-08-27,8420.772
2013-08-28,8542.15
2013-08-29,8504.425
2013-08-30,8504.763
2013-09-02,8417.91
2013-09-03,8435.021
2013-09-04,8476.028
2013-09-05,8569.695
2013-09-06,8567.289
2013-09-09,8495.015
2013-09-10,8550.312
2013-09-11,8744.804
2013-09-12,8842.841
2013-09-13,8854.429
2013-09-16,8913.02
2013-09-17,8910.429
2013-09-18,8858.152
2013-09-23,8674.611
2013-09-24,8714.19
2013-09-25,8921.863
2013-09-26,8848.445
2013-09-27,8786.067
2013-09-30,8654.414
2013-10-08,8696.509
2013-10-09,8715.342
2013-10-10,8851.49
2013-10-11,8889.33
2013-10-14,8925.997
2013-10-15,8939.92
2013-10-16,8959.399
2013-10-17,8870.035
2013-10-18,8791.678
2013-10-21,8739.013
2013-10-22,8815.907
2013-10-23,8931.095
2013-10-24,8846.806
2013-10-25,8696.953
2013-10-28,8699.111
2013-10-29,8611.9795
2013-10-30,8567.454
2013-10-31,8616.232
2013-11-01,8726.029
2013-11-04,8646.311
2013-11-05,8703.92
2013-11-06,8572.67
2013-11-07,8623.212
2013-11-08,8495.739
2013-11-11,8406.749
2013-11-12,8365.109
2013-11-13,8400.407
2013-11-14,8440.989
2013-11-15,8354.758
2013-11-18,8385.878
2013-11-19,8572.033
2013-11-20,8726.969
2013-11-21,8755.321
2013-11-22,8680.91
2013-11-25,8706.989
2013-11-26,8567.125
2013-11-27,8579.384
2013-11-28,8568.333
2013-11-29,8682.584
2013-12-02,8760.919
2013-12-03,8673.132
2013-12-04,8569.019
2013-12-05,8693.363
2013-12-06,8805.721
2013-12-09,8764.028
2013-12-10,8770.761
2013-12-11,8743.642
2013-12-12,8706.95
2013-12-13,8605.706
2013-12-16,8539.669
2013-12-17,8653.419
2013-12-18,8499.956
2013-12-19,8440.218
2013-12-20,8482.038
2013-12-23,8390.956
2013-12-24,8219.783
2013-12-25,8244.689
2013-12-26,8264.845
2013-12-27,8292.816
2013-12-30,8142.837
2013-12-31,8299.937
2014-01-02,8197.789
2014-01-03,8308.674
2014-01-06,8302.621
2014-01-07,8240.96
2014-01-08,7998.745
2014-01-09,8052.425
2014-01-10,8011.858
2014-01-13,7963.1045
2014-01-14,7889.1665
2014-01-15,7814.761
2014-01-16,7902.746
2014-01-17,7919.3135
2014-01-20,7880.7715
2014-01-21,7774.7563
2014-01-22,7776.7515
2014-01-23,7856.4067
2014-01-24,8054.1304
2014-01-27,8008.918
2014-01-28,8045.9546
2014-01-29,8010.805
2014-01-30,7992.251
2014-02-07,7944.6787
2014-02-10,7763.6753
2014-02-11,7897.8784
2014-02-12,8049.7603
2014-02-13,8069.7593
2014-02-14,8127.481
2014-02-17,8075.4165
2014-02-18,8153.888
2014-02-19,8177.587
2014-02-20,8072.0127
2014-02-21,8186.7124
2014-02-24,8060.6304
2014-02-25,7937.7026
2014-02-26,7797.954
2014-02-27,7531.36
2014-02-28,7608.796
2014-03-03,7446.086
2014-03-04,7606.2837
2014-03-05,7645.0557
2014-03-06,7608.9204
2014-03-07,7542.3423
2014-03-10,7595.624
2014-03-11,7529.744
2014-03-12,7371.9595
2014-03-13,7452.2104
2014-03-14,7489.202
2014-03-17,7546.716
2014-03-18,7527.329
2014-03-19,7603.513
2014-03-20,7507.473
2014-03-21,7402.4136
2014-03-24,7248.6284
2014-03-25,7499.1113
2014-03-26,7508.472
2014-03-27,7530.2476
2014-03-28,7492.8115
2014-03-31,7430.937
2014-04-01,7481.964
2014-04-02,7448.5923
2014-04-03,7550.891
2014-04-04,7611.2905
2014-04-08,7541.0107
2014-04-09,7591.274
2014-04-10,7759.1147
2014-04-11,7781.743
2014-04-14,7790.9937
2014-04-15,7833.8755
2014-04-16,7814.35
2014-04-17,7683.109
2014-04-18,7734.1562
2014-04-21,7678.562
2014-04-22,7665.698
2014-04-23,7611.689
2014-04-24,7642.76
2014-04-25,7678.9814
2014-04-28,7676.7144
2014-04-29,7582.4155
2014-04-30,7496.6323
2014-05-05,7578.532
2014-05-06,7548.523
2014-05-07,7542.513
2014-05-08,7551.1567
2014-05-09,7449.6562
2014-05-12,7440.211
2014-05-13,7471.354
2014-05-14,7579.3506
2014-05-15,7578.1235
2014-05-16,7568.1543
2014-05-19,7467.345
2014-05-20,7474.023
2014-05-21,7445.032
2014-05-22,7389.085
2014-05-23,7465.3525
2014-05-26,7452.856
2014-05-27,7548.8936
2014-05-28,7525.7046
2014-05-29,7523.8696
2014-05-30,7649.733
2014-06-03,7601.41
2014-06-04,7621.192
2014-06-05,7572.996
2014-06-06,7478.867
2014-06-09,7532.3496
2014-06-10,7480.3774
2014-06-11,7492.1855
2014-06-12,7580.6743
2014-06-13,7571.9116
2014-06-16,7552.574
2014-06-17,7651.1323
2014-06-18,7654.019
2014-06-19,7587.2393
2014-06-20,7560.078
2014-06-23,7445.8193
2014-06-24,7469.3115
2014-06-25,7464.3354
2014-06-26,7500.5938
2014-06-27,7481.9253
2014-06-30,7550.368
2014-07-01,7570.818
2014-07-02,7597.3745
2014-07-03,7556.8726
2014-07-04,7558.9937
2014-07-07,7603.1797
2014-07-08,7593.6064
2014-07-09,7577.0967
2014-07-10,7597.9263
2014-07-11,7457.28
2014-07-14,7424.398
2014-07-15,7469.5396
2014-07-16,7538.748
2014-07-17,7548.4756
2014-07-18,7512.311
2014-07-21,7432.0566
2014-07-22,7525.0386
2014-07-23,7522.0254
2014-07-24,7618.459
2014-07-25,7639.5796
2014-07-28,7776.3213
2014-07-29,7873.7637
2014-07-30,8063.325
2014-07-31,8101.2856
2014-08-01,8080.0576
2014-08-04,8151.0454
2014-08-05,8129.151
2014-08-06,8235.288
2014-08-07,8192.131
2014-08-08,8218.496
2014-08-11,8123.3057
2014-08-12,8134.2085
2014-08-13,8228.991
2014-08-14,8197.27
2014-08-15,8206.321
2014-08-18,8133.2007
2014-08-19,8245.584
2014-08-20,8290.248
2014-08-21,8256.478
2014-08-22,8248.439
2014-08-25,8231.5
2014-08-26,8280.877
2014-08-27,8146.7744
2014-08-28,8045.2744
2014-08-29,8074.8706
2014-09-01,7996.254
2014-09-02,8086.877
2014-09-03,8188.5674
2014-09-04,8277.232
2014-09-05,8364.146
2014-09-09,8423.183
2014-09-10,8440.824
2014-09-11,8386.312
2014-09-12,8375.83
2014-09-15,8328.549
2014-09-16,8348.103
2014-09-17,8353.39
2014-09-18,8181.4287
2014-09-19,8193.965
2014-09-22,8233.933
2014-09-23,8263.555
2014-09-24,8138.269
2014-09-25,8174.6104
2014-09-26,8360.236
2014-09-29,8276.8
2014-09-30,8309.154
2014-10-08,8319.741
2014-10-09,8357.385
2014-10-10,8420.31
2014-10-13,8407.442
2014-10-14,8400.852
2014-10-15,8373.268
2014-10-16,8363.905
2014-10-17,8378.97
2014-10-20,8340.477
2014-10-21,8397.181
2014-10-22,8417.891
2014-10-23,8338.629
2014-10-24,8271.096
2014-10-27,8211.106
2014-10-28,8113.834
2014-10-29,8081.084
2014-10-30,8238.114
2014-10-31,8313.6875
2014-11-03,8333.487
2014-11-04,8464.038
2014-11-05,8450.988
2014-11-06,8441.78
2014-11-07,8426.932
2014-11-10,8445.983
2014-11-11,8516.518
2014-11-12,8655.488
2014-11-13,8505.081
2014-11-14,8629.785
2014-11-17,8482.308
2014-11-18,8573.212
2014-11-19,8482.723
2014-11-20,8427.154
2014-11-21,8431.05
2014-11-24,8430.24
2014-11-25,8708.519
2014-11-26,8807.552
2014-11-27,8916.164
2014-11-28,8999.805
2014-12-01,9037.77
2014-12-02,9224.831
2014-12-03,9252.787
2014-12-04,9633.977
2014-12-05,9860.777
2014-12-08,10338.205
2014-12-09,10222.504
2014-12-10,10666.842
2014-12-11,10328.489
2014-12-12,10614.375
2014-12-15,10622.249
2014-12-16,10647.842
2014-12-17,10656.994
2014-12-18,10897.066
2014-12-19,10912.487
2014-12-22,10815.594
2014-12-23,10776.825
2014-12-24,10719.712
2014-12-25,10783.3125
2014-12-26,10522.6045
2014-12-29,10675.838
2014-12-30,11086.119
2014-12-31,10924.714
2015-01-05,10891.455
2015-01-06,11317.158
2015-01-07,11590.54
2015-01-08,11778.327
2015-01-09,11790.193
2015-01-12,11590.15
2015-01-13,11445.567
2015-01-14,11416.781
2015-01-15,11532.636
2015-01-16,11406.765
2015-01-19,11662.336
2015-01-20,11106.094
2015-01-21,10929.383
2015-01-22,11218.488
2015-01-23,11524.139
2015-01-26,11673.016
2015-01-27,11729.795
2015-01-28,11835.885
2015-01-29,11650.572
2015-01-30,11353.368
2015-02-02,11456.265
2015-02-03,11119.129
2015-02-04,11243.918
2015-02-05,11407.903
2015-02-06,11532.824
2015-02-09,11189.152
2015-02-10,10959.9
2015-02-11,11055.008
2015-02-12,11340.416
2015-02-13,11434.451
2015-02-16,11527.692
2015-02-17,11640.466
2015-02-25,11823.682
2015-02-26,11920.943
2015-02-27,11692.082
2015-03-02,11902.022
2015-03-03,12035.972
2015-03-04,11966.841
2015-03-05,11696.501
2015-03-06,11763.077
2015-03-09,11766.249
2015-03-10,11445.855
2015-03-11,11667.556
2015-03-12,11720.232
2015-03-13,11759.275
2015-03-16,11846.126
2015-03-17,11957.25
2015-03-18,12250.172
2015-03-19,12374.016
2015-03-20,12718.951
2015-03-23,12595.973
2015-03-24,12814.305
2015-03-25,13012.925
2015-03-26,12947.2
2015-03-27,12873.9375
2015-03-30,12950.558
2015-03-31,13089.614
2015-04-01,13598.822
2015-04-02,13362.6455
2015-04-03,13665.607
2015-04-07,13513.776
2015-04-08,13807.098
2015-04-09,13997.977
2015-04-10,14082.651
2015-04-13,13900.613
2015-04-14,14287.437
2015-04-15,14320.18
2015-04-16,14209.3545
2015-04-17,13729.363
2015-04-20,14308.16
2015-04-21,14320.403
2015-04-22,14066.376
2015-04-23,14723.006
2015-04-24,15041.171
2015-04-27,14810.707
2015-04-28,14946.414
2015-04-29,15147.717
2015-04-30,14865.282
2015-05-04,15109.174
2015-05-05,15045.525
2015-05-06,15030.706
2015-05-07,14538.414
2015-05-08,14267.143
2015-05-11,14461.141
2015-05-12,14767.296
2015-05-13,15176.484
2015-05-14,15278.01
2015-05-15,15416.135
2015-05-18,15156.324
2015-05-19,14808.01
2015-05-20,14920.174
2015-05-21,15411.869
2015-05-22,15611.773
2015-05-25,16305.349
2015-05-26,16111.937
2015-05-27,16684.424
2015-05-28,17226.812
2015-05-29,17190.877
2015-06-01,16138.61
2015-06-02,16471.725
2015-06-03,17290.248
2015-06-04,17875.941
2015-06-05,17827.58
2015-06-08,17978.559
2015-06-09,17898.107
2015-06-10,17655.986
2015-06-11,17540.412
2015-06-12,17943.023
2015-06-15,18232.793
2015-06-16,18440.55
2015-06-17,17749.285
2015-06-18,17312.5
2015-06-19,17611.723
2015-06-23,16613.898
2015-06-24,15934.92
2015-06-25,16401.61
2015-06-26,16596.604
2015-06-29,15401.694
2015-06-30,14900.609
2015-07-01,13450.843
2015-07-02,14373.46
2015-07-03,13836.588
2015-07-06,12644.493
2015-07-07,13314.853
2015-07-08,11826.194
2015-07-09,11037.565
2015-07-10,11120.313
2015-07-13,11899.178
2015-07-14,12535.809
2015-07-15,12967.867
2015-07-16,12954.341
2015-07-17,12129.635
2015-07-20,12629.29
2015-07-21,13289.934
2015-07-22,13211.806
2015-07-23,13484.501
2015-07-24,13610.654
2015-07-27,13971.956
2015-07-28,13418.523
2015-07-29,12152.613
2015-07-30,12641.13
2015-07-31,12937.456
2015-08-03,12395.816
2015-08-04,12345.728
2015-08-05,12330.203
2015-08-06,12865.088
2015-08-07,12442.372
2015-08-10,12713.019
2015-08-11,13049.412
2015-08-12,13493.564
2015-08-13,13376.917
2015-08-14,13243.961
2015-08-17,13675.993
2015-08-18,13595.189
2015-08-19,13788.763
2015-08-20,12496.555
2015-08-21,13036.819
2015-08-24,12523.382
2015-08-25,11565.306
2015-08-26,10385.71
2015-08-27,10373.294
2015-08-28,10251.077
2015-08-31,10569.142
2015-09-01,10874.718
2015-09-02,10559.77
2015-09-07,9875.404
2015-09-08,10296.21
2015-09-09,10076.19
2015-09-10,10538.84
2015-09-11,10620.584
2015-09-14,10579.477
2015-09-15,10687.698
2015-09-16,9717.358
2015-09-17,9518.839
2015-09-18,10050.006
2015-09-21,9985.732
2015-09-22,9912.388
2015-09-23,10373.936
2015-09-24,10246.382
2015-09-25,10351.762
2015-09-28,10358.458
2015-09-29,10096.791
2015-09-30,10139.168
2015-10-08,10180.776
2015-10-09,10504.106
2015-10-12,10558.096
2015-10-13,10769.188
2015-10-14,11052.442
2015-10-15,11163.855
2015-10-16,11029.583
2015-10-19,11467.723
2015-10-20,11592.139
2015-10-21,11537.858
2015-10-22,11757.785
2015-10-23,11088.326
2015-10-26,11562.849
2015-10-27,11931.433
2015-10-28,11754.523
2015-10-29,11854.956
2015-10-30,11731.285
2015-11-02,11707.582
2015-11-03,11471.985
2015-11-04,11507.023
2015-11-05,11516.958
2015-11-06,12074.808
2015-11-09,12118.761
2015-11-10,12394.811
2015-11-11,12558.858
2015-11-12,12678.637
2015-11-13,12906.356
2015-11-16,12661.941
2015-11-17,12348.16
2015-11-18,12915.723
2015-11-19,12685.302
2015-11-20,12494.102
2015-11-23,12820.411
2015-11-24,12869.704
2015-11-25,12750.351
2015-11-26,12866.659
2015-11-27,13124.807
2015-11-30,12868.051
2015-12-01,12158.082
2015-12-02,12189.324
2015-12-03,12235.653
2015-12-04,12372.73
2015-12-07,12552.791
2015-12-08,12519.501
2015-12-09,12539.319
2015-12-10,12279.055
2015-12-11,12347.9375
2015-12-14,12287.4795
2015-12-15,12190.308
2015-12-16,12580.937
2015-12-17,12702.393
2015-12-18,12772.466
2015-12-21,12996.649
2015-12-22,12996.054
2015-12-23,13238.616
2015-12-24,13317.27
2015-12-25,13150.301
2015-12-28,13133.136
2015-12-29,13199.189
2015-12-30,12846.983
2015-12-31,12998.123
2016-01-04,13065.37
2016-01-05,12820.886
2016-01-06,11283.193
2016-01-07,11686.343
2016-01-08,11670.476
2016-01-11,11175.611
2016-01-12,10825.725
2016-01-13,10416.439
2016-01-14,10518.785
2016-01-15,9859.431
2016-01-18,10441.524
2016-01-19,9986.254
2016-01-20,10311.559
2016-01-21,10605.156
2016-01-22,10380.722
2016-01-25,10270.147
2016-01-26,10368.207
2016-01-27,10254.165
2016-01-28,9709.673
2016-01-29,9498.416
2016-02-01,9271.108
2016-02-02,9576.446
2016-02-03,9520.737
2016-02-04,9693.879
2016-02-05,9849.306
2016-02-15,9981.336
2016-02-16,9572.433
2016-02-17,9908.103
2016-02-18,10219.12
2016-02-19,10404.275
2016-02-22,10266.447
2016-02-23,10462.383
2016-02-24,10545.776
2016-02-25,10429.109
2016-02-26,10463.282
2016-02-29,9807.539
2016-03-01,9712.721
2016-03-02,9309.589
2016-03-03,9497.067
2016-03-04,9950.352
2016-03-07,9901.686
2016-03-08,9824.11
2016-03-09,9871.563
2016-03-10,9709.319
2016-03-11,9710.241
2016-03-14,9475.584
2016-03-15,9651.659
2016-03-16,9818.592
2016-03-17,9811.907
2016-03-18,9699.887
2016-03-21,10019.496
2016-03-22,10428.625
2016-03-23,10481.032
2016-03-24,10489.953
2016-03-25,10518.2705
2016-03-28,10429.13
2016-03-29,10570.33
2016-03-30,10432.391
2016-03-31,10361.184
2016-04-01,10664.751
2016-04-05,10581.723
2016-04-06,10564.866
2016-04-07,10773.504
2016-04-08,10887.662
2016-04-11,10595.908
2016-04-12,10683.924
2016-04-13,10770.101
2016-04-14,10768.534
2016-04-15,10909.887
2016-04-18,10942.504
2016-04-19,10834.2295
2016-04-20,10787.984
2016-04-21,10801.119
2016-04-22,10294.513
2016-04-25,10171.235
2016-04-26,10296.506
2016-04-27,10270.681
2016-04-28,10394.958
2016-04-29,10351.901
2016-05-03,10286.124
2016-05-04,10318.241
2016-05-05,10572.805
2016-05-06,10574.666
2016-05-09,10643.7295
2016-05-10,10194.293
2016-05-11,9949.917
2016-05-12,10026.661
2016-05-13,9845.741
2016-05-16,9948.768
2016-05-17,9910.098
2016-05-18,10095.678
2016-05-19,10014.124
2016-05-20,9865.228
2016-05-23,9839.33
2016-05-24,10018.257
2016-05-25,10080.651
2016-05-26,10061.719
2016-05-27,9945.768
2016-05-30,9977.49
2016-05-31,9936.715
2016-06-01,9965.355
2016-06-02,10357.816
2016-06-03,10365.994
2016-06-06,10448.435
2016-06-07,10554.771
2016-06-08,10537.314
2016-06-13,10502.067
2016-06-14,10364.286
2016-06-15,10009.175
2016-06-16,9970.154
2016-06-17,10328.144
2016-06-20,10309.585
2016-06-21,10357.362
2016-06-22,10457.43
2016-06-23,10283.508
2016-06-24,10460.82
2016-06-27,10408.021
2016-06-28,10264.849
2016-06-29,10502.009
2016-06-30,10670.092
2016-07-01,10645.345
2016-07-04,10676.343
2016-07-05,10541.155
2016-07-06,10767.74
2016-07-07,10737.251
2016-07-08,10781.438
2016-07-11,10782.906
2016-07-12,10802.656
2016-07-13,10752.618
2016-07-14,10962.385
2016-07-15,11002.533
2016-07-18,11022.018
2016-07-19,10961.063
2016-07-20,10922.022
2016-07-21,10943.566
2016-07-22,10926.452
2016-07-25,10950.204
2016-07-26,10853.195
2016-07-27,10883.176
2016-07-28,11026.191
2016-07-29,10558.116
2016-08-01,10555.712
2016-08-02,10462.225
2016-08-03,10347.0625
2016-08-04,10402.507
2016-08-05,10445.25
2016-08-08,10540.274
2016-08-09,10487.055
2016-08-10,10636.539
2016-08-11,10728.149
2016-08-12,10666.643
2016-08-15,10544.4795
2016-08-16,10726.076
2016-08-17,11013.189
2016-08-18,11047.361
2016-08-19,11041.057
2016-08-22,11032.833
2016-08-23,11036.491
2016-08-24,10888.884
2016-08-25,10919.52
2016-08-26,10862.912
2016-08-29,10871.827
2016-08-30,10859.548
2016-08-31,10901.067
2016-09-01,10898.862
2016-09-02,10927.872
2016-09-05,10834.884
2016-09-06,10851.369
2016-09-07,10882.967
2016-09-08,11027.604
2016-09-09,10997.712
2016-09-12,11022.802
2016-09-13,10748.265
2016-09-14,10689.026
2016-09-19,10637.321
2016-09-20,10647.028
2016-09-21,10732.659
2016-09-22,10713.18
2016-09-23,10813.658
2016-09-26,10839.34
2016-09-27,10757.754
2016-09-28,10546.756
2016-09-29,10660.322
2016-09-30,10647.434
2016-10-10,10674.432
2016-10-11,10781.418
2016-10-12,10911.634
2016-10-13,10919.599
2016-10-14,10952.6875
2016-10-17,10942.386
2016-10-18,10938.382
2016-10-19,10806.694
2016-10-20,10979.048
2016-10-21,10931.548
2016-10-24,10951.514
2016-10-25,10923.631
2016-10-26,11014.321
2016-10-27,11038.661
2016-10-28,10973.612
2016-10-31,10951.237
2016-11-01,10853.999
2016-11-02,10883.244
2016-11-03,10939.385
2016-11-04,10830.975
2016-11-07,10906.171
2016-11-08,10872.76
2016-11-09,10902.359
2016-11-10,10936.912
2016-11-11,10945.097
2016-11-14,10991.629
2016-11-15,11023.488
2016-11-16,11077.355
2016-11-17,11137.598
2016-11-18,11109.139
2016-11-21,11113.895
2016-11-22,11044.466
2016-11-23,11077.624
2016-11-24,11177.712
2016-11-25,11127.598
2016-11-28,11133.28
2016-11-29,11245.201
2016-11-30,11206.209
2016-12-01,11190.317
2016-12-02,11203.71
2016-12-05,11240.988
2016-12-06,10944.124
2016-12-07,10966.655
2016-12-08,10948.187
2016-12-09,11032.675
2016-12-12,10970.015
2016-12-13,10942.603
2016-12-14,10452.883
2016-12-15,10490.091
2016-12-16,10375.605
2016-12-19,10431.332
2016-12-20,10502.493
2016-12-21,10447.94
2016-12-22,10438.796
2016-12-23,10482.821
2016-12-26,10476.81
2016-12-27,10337.355
2016-12-28,10402.941
2016-12-29,10402.052
2016-12-30,10350.695
2017-01-03,10349.194
2017-01-04,10378.47
2017-01-05,10437.056
2017-01-06,10553.93
2017-01-09,10534.386
2017-01-10,10453.742
2017-01-11,10498.933
2017-01-12,10466.585
2017-01-13,10380.732
2017-01-16,10309.881
2017-01-17,10169.698
2017-01-18,9865.629
2017-01-19,9980.186
2017-01-20,9961.067
2017-01-23,9942.779
2017-01-24,10096.645
2017-01-25,10149.052
2017-01-26,10108.669
2017-02-03,10166.041
2017-02-06,10236.479
2017-02-07,10180.205
2017-02-08,10247.546
2017-02-09,10219.042
2017-02-10,10298.795
2017-02-13,10358.153
2017-02-14,10362.241
2017-02-15,10445.616
2017-02-16,10432.629
2017-02-17,10348.82
2017-02-20,10433.755
2017-02-21,10376.375
2017-02-22,10510.664
2017-02-23,10575.032
2017-02-24,10610.583
2017-02-27,10594.553
2017-02-28,10614.018
2017-03-01,10526.491
2017-03-02,10558.907
2017-03-03,10600.831
2017-03-06,10511.672
2017-03-07,10577.317
2017-03-08,10697.759
2017-03-09,10719.722
2017-03-10,10654.607
2017-03-13,10586.376
2017-03-14,10621.298
2017-03-15,10731.133
2017-03-16,10685.627
2017-03-17,10743.296
2017-03-20,10801.099
2017-03-21,10682.952
2017-03-22,10697.342
2017-03-23,10705.528
2017-03-24,10727.999
2017-03-27,10753.53
2017-03-28,10812.409
2017-03-29,10749.634
2017-03-30,10742.653
2017-03-31,10675.5205
2017-04-05,10522.989
2017-04-06,10666.99
2017-04-07,10818.749
2017-04-10,10821.289
2017-04-11,10832.661
2017-04-12,10770.3
2017-04-13,10812.439
2017-04-14,10748.066
2017-04-17,10831.072
2017-04-18,10654.289
2017-04-19,10619.673
2017-04-20,10548.667
2017-04-21,10518.697
2017-04-24,10529.45
2017-04-25,10457.43
2017-04-26,10281.477
2017-04-27,10336.576
2017-04-28,10347.962
2017-05-02,10381.424
2017-05-03,10378.982
2017-05-04,10381.888
2017-05-05,10338.639
2017-05-08,10293.949
2017-05-09,10176.982
2017-05-10,9974.02
2017-05-11,10053.648
2017-05-12,9885.621
2017-05-15,9935.731
2017-05-16,9991.301
2017-05-17,9998.511
2017-05-18,10205.977
2017-05-19,10132.549
2017-05-22,10154.855
2017-05-23,10134.941
2017-05-24,10056.245
2017-05-25,9902.481
2017-05-26,9971.3545
2017-05-31,10049.65
2017-06-01,10120.982
2017-06-02,10012.393
2017-06-05,9889.393
2017-06-06,9978.9375
2017-06-07,10013.101
2017-06-08,10092.478
2017-06-09,10279.195
2017-06-12,10321.074
2017-06-13,10318.211
2017-06-14,10279.314
2017-06-15,10382.124
2017-06-16,10314.224
2017-06-19,10386.217
2017-06-20,10365.472
2017-06-21,10454.0
2017-06-22,10499.051
2017-06-23,10532.893
2017-06-26,10422.587
2017-06-27,10548.605
2017-06-28,10702.457
2017-06-29,10677.166
2017-06-30,10630.934
2017-07-03,10645.632
2017-07-04,10701.624
2017-07-05,10697.698
2017-07-06,10613.752
2017-07-07,10717.264
2017-07-10,10696.717
2017-07-11,10712.347
2017-07-12,10659.174
2017-07-13,10636.371
2017-07-14,10615.484
2017-07-17,10616.267
2017-07-18,10554.543
2017-07-19,10188.771
2017-07-20,10254.618
2017-07-21,10461.237
2017-07-24,10526.164
2017-07-25,10524.492
2017-07-26,10569.42
2017-07-27,10537.118
2017-07-28,10457.312
2017-07-31,10552.653
2017-08-01,10608.999
2017-08-02,10666.922
2017-08-03,10695.944
2017-08-04,10624.624
2017-08-07,10597.414
2017-08-08,10524.79
2017-08-09,10619.535
2017-08-10,10658.063
2017-08-11,10695.103
2017-08-14,10578.407
2017-08-15,10481.09
2017-08-16,10697.471
2017-08-17,10720.148
2017-08-18,10770.944
2017-08-21,10755.771
2017-08-22,10793.916
2017-08-23,10858.258
2017-08-24,10811.1875
2017-08-25,10786.903
2017-08-28,10726.216
2017-08-29,10847.04
2017-08-30,10964.411
2017-08-31,10930.336
2017-09-01,10991.013
2017-09-04,10990.199
2017-09-05,11049.488
2017-09-06,11125.158
2017-09-07,11126.262
2017-09-08,11197.228
2017-09-11,11128.642
2017-09-12,11146.575
2017-09-13,11230.34
2017-09-14,11206.687
2017-09-15,11258.363
2017-09-18,11224.613
2017-09-19,11228.927
2017-09-20,11326.568
2017-09-21,11250.263
2017-09-22,11353.945
2017-09-25,11233.588
2017-09-26,11220.789
2017-09-27,11082.836
2017-09-28,11118.95
2017-09-29,11196.101
2017-10-09,11209.296
2017-10-10,11414.256
2017-10-11,11426.648
2017-10-12,11485.221
2017-10-13,11475.139
2017-10-16,11478.042
2017-10-17,11567.513
2017-10-18,11420.303
2017-10-19,11443.381
2017-10-20,11441.156
2017-10-23,11321.096
2017-10-24,11405.618
2017-10-25,11454.837
2017-10-26,11496.49
2017-10-27,11595.616
2017-10-30,11622.166
2017-10-31,11612.393
2017-11-01,11459.148
2017-11-02,11536.2
2017-11-03,11502.212
2017-11-06,11453.37
2017-11-07,11384.023
2017-11-08,11539.766
2017-11-09,11625.745
2017-11-10,11609.145
2017-11-13,11706.122
2017-11-14,11823.262
2017-11-15,11855.606
2017-11-16,11713.572
2017-11-17,11608.455
2017-11-20,11685.492
2017-11-21,11395.533
2017-11-22,11584.715
2017-11-23,11763.627
2017-11-24,11685.612
2017-11-27,11301.3
2017-11-28,11293.038
2017-11-29,11105.459
2017-11-30,11262.279
2017-12-01,11203.351
2017-12-04,11108.91
2017-12-05,11173.92
2017-12-06,11154.887
2017-12-07,11005.654
2017-12-08,11053.595
2017-12-11,10957.088
2017-12-12,11129.119
2017-12-13,11311.944
2017-12-14,11196.649
2017-12-15,11304.68
2017-12-18,11258.532
2017-12-19,11157.912
2017-12-20,11131.07
2017-12-21,11238.867
2017-12-22,11155.582
2017-12-25,11279.037
2017-12-26,11268.505
2017-12-27,11169.092
2017-12-28,11174.168
2017-12-29,11075.048
2018-01-02,11151.691
2018-01-03,11246.068
2018-01-04,11347.265
2018-01-05,11436.766
2018-01-08,11505.297
2018-01-09,11509.54
2018-01-10,11537.608
2018-01-11,11604.828
2018-01-12,11577.212
2018-01-15,11625.055
2018-01-16,11618.929
2018-01-17,11449.43
2018-01-18,11532.286
2018-01-19,11453.461
2018-01-22,11480.229
2018-01-23,11455.676
2018-01-24,11680.133
2018-01-25,11713.782
2018-01-26,11753.963
2018-01-29,11690.273
2018-01-30,11713.252
2018-01-31,11485.729
2018-02-01,11376.063
2018-02-02,11311.606
2018-02-05,10962.016
2018-02-06,10929.185
2018-02-07,10772.809
2018-02-08,10732.926
2018-02-09,10392.547
2018-02-12,10271.184
2018-02-13,10235.067
2018-02-14,10539.166
2018-02-22,10552.506
2018-02-23,10717.56
2018-02-26,10836.58
2018-02-27,10899.617
2018-02-28,11065.559
2018-03-01,10874.299
2018-03-02,10922.769
2018-03-05,11025.367
2018-03-06,11050.225
2018-03-07,11076.49
2018-03-08,11160.74
2018-03-09,11069.596
2018-03-12,11206.956
2018-03-13,11432.186
2018-03-14,11476.815
2018-03-15,11364.805
2018-03-16,11266.882
2018-03-19,11332.559
2018-03-20,11212.593
2018-03-21,11149.571
2018-03-22,11267.259
2018-03-23,11155.644
2018-03-26,10681.239
2018-03-27,10475.93
2018-03-28,10851.815
2018-03-29,10802.735
2018-03-30,10845.266
2018-04-02,10944.71
2018-04-03,11054.8
2018-04-04,10886.827
2018-04-09,10946.846
2018-04-10,10823.9375
2018-04-11,10840.431
2018-04-12,10964.371
2018-04-13,10965.216
2018-04-16,10957.684
2018-04-17,10829.516
2018-04-18,10805.89
2018-04-19,10647.91
2018-04-20,10672.52
2018-04-23,10741.532
2018-04-24,10587.763
2018-04-25,10497.449
2018-04-26,10674.085
2018-04-27,10665.257
2018-05-02,10524.661
2018-05-03,10527.799
2018-05-04,10501.059
2018-05-07,10599.711
2018-05-08,10627.021
2018-05-09,10801.158
2018-05-10,10861.8
2018-05-11,10875.214
2018-05-14,10917.075
2018-05-15,10818.024
2018-05-16,10861.403
2018-05-17,10882.022
2018-05-18,10870.587
2018-05-21,10793.024
2018-05-22,10909.429
2018-05-23,10922.847
2018-05-24,10915.0205
2018-05-25,10801.545
2018-05-28,10720.356
2018-05-29,10610.404
2018-05-30,10617.673
2018-05-31,10377.009
2018-06-01,10352.611
2018-06-04,10419.987
2018-06-05,10365.53
2018-06-06,10389.82
2018-06-07,10546.666
2018-06-08,10568.825
2018-06-11,10462.957
2018-06-12,10364.809
2018-06-13,10360.858
2018-06-14,10452.526
2018-06-15,10299.102
2018-06-19,10252.398
2018-06-20,9955.492
2018-06-21,9555.03
2018-06-22,9678.196
2018-06-25,9436.975
2018-06-26,9658.019
2018-06-27,9392.016
2018-06-28,9525.941
2018-06-29,9323.21
2018-07-02,9294.019
2018-07-03,9556.498
2018-07-04,9375.717
2018-07-05,9374.398
2018-07-06,9231.146
2018-07-09,9073.195
2018-07-10,9151.448
2018-07-11,9367.886
2018-07-12,9220.035
2018-07-13,9215.396
2018-07-16,9477.491
2018-07-17,9511.228
2018-07-18,9496.255
2018-07-19,9482.115
2018-07-20,9405.594
2018-07-23,9333.935
2018-07-24,9379.779
2018-07-25,9505.047
2018-07-26,9660.7705
2018-07-27,9652.775
2018-07-30,9532.534
2018-07-31,9478.361
2018-08-01,9360.604
2018-08-02,9396.655
2018-08-03,9168.393
2018-08-06,8969.831
2018-08-07,8790.225
2018-08-08,8665.451
2018-08-09,8860.14
2018-08-10,8686.967
2018-08-13,8955.632
2018-08-14,8916.0
2018-08-15,9032.714
2018-08-16,8988.085
2018-08-17,8682.246
2018-08-20,8781.642
2018-08-21,8570.1875
2018-08-22,8632.802
2018-08-23,8742.761
2018-08-24,8659.096
2018-08-27,8691.253
2018-08-28,8721.401
2018-08-29,8934.949
2018-08-30,8920.562
2018-08-31,8872.121
2018-09-03,8719.369
2018-09-04,8653.265
2018-09-05,8666.0205
2018-09-06,8729.341
2018-09-07,8584.003
2018-09-10,8560.113
2018-09-11,8527.176
2018-09-12,8378.171
2018-09-13,8384.163
2018-09-14,8416.966
2018-09-17,8395.138
2018-09-18,8293.558
2018-09-19,8199.711
2018-09-20,8335.114
2018-09-21,8460.825
2018-09-25,8476.567
2018-09-26,8552.561
2018-09-27,8584.216
2018-09-28,8624.478
2018-10-08,8566.933
2018-10-09,8445.531
2018-10-10,8308.154
2018-10-11,8288.17
2018-10-12,7991.15
2018-10-15,7734.8335
2018-10-16,7817.731
2018-10-17,7696.7676
2018-10-18,7645.0747
2018-10-19,7567.316
2018-10-22,7366.0244
2018-10-23,7715.817
2018-10-24,7990.3354
2018-10-25,7779.4336
2018-10-26,7591.5977
2018-10-29,7828.296
2018-10-30,7701.248
2018-10-31,7532.0923
2018-11-01,7640.5894
2018-11-02,7814.379
2018-11-05,8001.1685
2018-11-06,8066.653
2018-11-07,8042.945
2018-11-08,8019.984
2018-11-09,8049.2134
2018-11-12,7892.714
2018-11-13,7878.037
2018-11-14,7972.0747
2018-11-15,8172.4585
2018-11-16,8122.3843
2018-11-19,8231.442
2018-11-20,8276.712
2018-11-21,8258.257
2018-11-22,8023.481
2018-11-23,8160.657
2018-11-26,8115.6
2018-11-27,7870.9434
2018-11-28,7900.01
2018-11-29,7876.6504
2018-11-30,8036.6953
2018-12-03,8036.6953
2018-12-04,8147.945
2018-12-05,8147.945
2018-12-06,8060.2285
2018-12-07,8088.4883
2018-12-10,7980.3286
2018-12-11,7905.2314
2018-12-12,7885.054
2018-12-13,7961.2666
2018-12-14,7957.1025
2018-12-17,8022.053
2018-12-18,7843.811
2018-12-19,7788.3677
2018-12-20,7788.884
2018-12-21,7656.039
2018-12-24,7653.1323
2018-12-25,7573.2725
2018-12-26,7566.9463
2018-12-27,7581.578
2018-12-28,7656.4194
2019-01-02,7492.091
2019-01-03,7520.239
2019-01-04,7401.2183
2019-01-07,7295.0376
2019-01-08,7590.4556
2019-01-09,7636.4272
2019-01-10,7678.3726
2019-01-11,7694.6333
2019-01-14,7693.184
2019-01-15,7724.3613
2019-01-16,7657.553
2019-01-17,7792.5586
2019-01-18,7781.7627
2019-01-21,7736.827
2019-01-22,7836.3394
2019-01-23,7859.856
2019-01-24,7742.665
2019-01-25,7785.0654
2019-01-28,7826.882
2019-01-29,7884.2236
2019-01-30,7821.2847
2019-01-31,7766.4814
2019-02-01,7735.721
2019-02-11,7772.8184
2019-02-12,7935.76
2019-02-13,8146.5146
2019-02-14,8256.92
2019-02-15,8403.578
2019-02-18,8419.125
2019-02-19,8408.947
2019-02-20,8691.775
2019-02-21,8656.195
2019-02-22,8678.608
2019-02-25,8644.184
2019-02-26,9006.178
2019-02-27,9354.832
2019-02-28,9257.32
2019-03-01,9197.098
2019-03-04,9305.101
2019-03-05,9469.846
2019-03-06,9554.081
2019-03-07,9822.833
2019-03-08,9866.386
2019-03-11,9633.221
2019-03-12,9611.869
2019-03-13,9946.181
2019-03-14,10006.815
2019-03-15,9705.76
2019-03-18,9670.188
2019-03-19,9766.392
2019-03-20,10022.861
2019-03-21,10006.736
2019-03-22,9987.72
2019-03-25,10049.957
2019-03-26,9885.757
2019-03-27,9933.077
2019-03-28,9765.008
2019-03-29,9769.275
2019-04-01,9739.767
2019-04-02,10153.359
2019-04-03,10486.847
2019-04-04,10373.362
2019-04-08,10550.565
2019-04-09,10680.515
2019-04-10,10539.513
2019-04-11,10574.358
2019-04-12,10591.593
2019-04-15,10312.259
2019-04-16,10467.101
2019-04-17,10169.393
2019-04-18,10460.801
2019-04-19,10510.298
2019-04-22,10452.783
2019-04-23,10589.672
2019-04-24,10379.339
2019-04-25,10336.239
2019-04-26,10359.792
2019-04-29,10031.207
2019-04-30,9955.474
2019-05-06,9756.551
2019-05-07,9478.732
2019-05-08,9207.172
2019-05-09,9098.5
2019-05-10,9117.562
2019-05-13,9185.154
2019-05-14,9305.646
2019-05-15,9194.944
2019-05-16,9318.087
2019-05-17,9437.924
2019-05-20,9488.236
2019-05-21,9177.246
2019-05-22,9118.496
2019-05-23,9263.19
2019-05-24,9193.269
2019-05-27,8989.854
2019-05-28,8996.625
2019-05-29,9176.059
2019-05-30,9167.915
2019-05-31,9171.013
2019-06-03,9136.941
2019-06-04,9150.533
2019-06-05,9054.328
2019-06-06,9031.605
2019-06-10,8944.843
2019-06-11,8828.316
2019-06-12,8924.881
2019-06-13,9204.288
2019-06-14,9145.87
2019-06-17,9153.99
2019-06-18,9008.968
2019-06-19,8987.521
2019-06-20,9246.4795
2019-06-21,9121.523
2019-06-24,9373.109
2019-06-25,9410.8
2019-06-26,9397.075
2019-06-27,9258.452
2019-06-28,9346.164
2019-07-01,9426.266
2019-07-02,9571.718
2019-07-03,9700.662
2019-07-04,9703.976
2019-07-05,9620.919
2019-07-08,9566.972
2019-07-09,9605.886
2019-07-10,9370.444
2019-07-11,9422.161
2019-07-12,9407.596
2019-07-15,9353.223
2019-07-16,9372.515
2019-07-17,9483.444
2019-07-18,9464.02
2019-07-19,9447.822
2019-07-22,9389.887
2019-07-23,9437.2295
2019-07-24,9318.272
2019-07-25,9394.194
2019-07-26,9454.85
2019-07-29,9499.18
2019-07-30,9537.876
2019-07-31,9549.64
2019-08-01,9561.588
2019-08-02,9468.065
2019-08-05,9244.042
2019-08-06,9286.674
2019-08-07,9006.354
2019-08-08,9117.941
2019-08-09,9069.577
2019-08-12,9160.367
2019-08-13,9017.763
2019-08-14,9108.464
2019-08-15,9229.128
2019-08-16,8981.459
2019-08-19,9202.914
2019-08-20,9357.645
2019-08-21,9528.533
2019-08-22,9493.184
2019-08-23,9538.309
2019-08-26,9544.5205
2019-08-27,9373.179
2019-08-28,9521.138
2019-08-29,9634.985
2019-08-30,9615.003
2019-09-02,9643.792
2019-09-03,9579.784
2019-09-04,9774.22
2019-09-05,9795.024
2019-09-06,9932.262
2019-09-09,10008.604
2019-09-10,10084.552
2019-09-11,10181.771
2019-09-12,10161.37
2019-09-16,10063.993
2019-09-17,10129.069
2019-09-18,10068.257
2019-09-19,9927.975
2019-09-20,9965.749
2019-09-23,10051.876
2019-09-24,10031.728
2019-09-25,9962.788
2019-09-26,9948.029
2019-09-27,9879.137
2019-09-30,9655.687
2019-10-08,9727.724
2019-10-09,9659.644
2019-10-10,9629.156
2019-10-11,9688.517
2019-10-14,9838.572
2019-10-15,9933.48
2019-10-16,9939.742
2019-10-17,9859.52
2019-10-18,9838.682
2019-10-21,9847.243
2019-10-22,9717.006
2019-10-23,9765.087
2019-10-24,9823.756
2019-10-25,9753.529
2019-10-28,9745.652
2019-10-29,9902.087
2019-10-30,9991.399
2019-10-31,9887.88
2019-11-01,9889.766
2019-11-04,9804.123
2019-11-05,10007.256
2019-11-06,10062.782
2019-11-07,10124.124
2019-11-08,10028.273
2019-11-11,10161.459
2019-11-12,10000.184
2019-11-13,9856.818
2019-11-14,9859.8545
2019-11-15,9870.934
2019-11-18,9922.028
2019-11-19,9817.787
2019-11-20,9901.469
2019-11-21,10063.648
2019-11-22,9951.62
2019-11-25,9973.538
2019-11-26,9808.561
2019-11-27,9843.905
2019-11-28,9824.954
2019-11-29,9831.982
2019-12-02,9797.075
2019-12-03,9785.602
2019-12-04,9768.657
2019-12-05,9806.382
2019-12-06,9899.789
2019-12-09,9983.098
2019-12-10,10086.362
2019-12-11,10028.354
2019-12-12,10083.351
2019-12-13,10040.546
2019-12-16,10100.958
2019-12-17,10215.737
2019-12-18,10331.352
2019-12-19,10471.282
2019-12-20,10470.748
2019-12-23,10477.264
2019-12-24,10375.597
2019-12-25,10255.299
2019-12-26,10350.4
2019-12-27,10412.675
2019-12-30,10498.447
2019-12-31,10377.167
2020-01-02,10532.338
2020-01-03,10679.217
2020-01-06,10835.44
2020-01-07,10768.723
2020-01-08,10893.53
2020-01-09,10944.71
2020-01-10,10974.845
2020-01-13,11095.093
2020-01-14,11061.292
2020-01-15,11241.338
2020-01-16,11145.143
2020-01-17,11153.473
2020-01-20,11168.435
2020-01-21,11148.348
2020-01-22,11244.098
2020-01-23,11063.827
2020-02-03,11114.872
2020-02-04,9887.291
2020-02-05,9761.907
2020-02-06,10333.444
2020-02-07,10478.273
2020-02-10,10739.213
2020-02-11,10747.055
2020-02-12,10918.148
2020-02-13,10903.332
2020-02-14,11103.567
2020-02-17,11021.979
2020-02-18,11141.808
2020-02-19,11410.685
2020-02-20,11465.956
2020-02-21,11444.709
2020-02-24,11672.245
2020-02-25,11786.231
2020-02-26,11703.122
2020-02-27,11843.283
2020-02-28,11721.395
2020-03-02,11316.84
2020-03-03,11281.757
2020-03-04,11763.247
2020-03-05,11577.232
2020-03-06,11810.03
2020-03-09,11721.033
2020-03-10,11529.48
2020-03-11,11183.605
2020-03-12,11602.051
2020-03-13,11189.063
2020-03-16,10553.555
2020-03-17,11035.101
2020-03-18,10509.724
2020-03-19,10467.238
2020-03-20,10198.838
2020-03-23,10324.787
2020-03-24,10007.554
2020-03-25,10077.747
2020-03-26,10345.206
2020-03-27,10335.805
2020-03-30,10472.835
2020-03-31,10129.7705
2020-04-01,10183.961
2020-04-02,10143.642
2020-04-03,10087.751
2020-04-07,10329.505
2020-04-08,10484.79
2020-04-09,10544.193
2020-04-10,10624.477
2020-04-13,10630.261
2020-04-14,10398.614
2020-04-15,10473.172
2020-04-16,10638.937
2020-04-17,10533.318
2020-04-20,10732.521
2020-04-21,10723.251
2020-04-22,10747.213
2020-04-23,10595.3545
2020-04-24,10826.251
2020-04-27,10734.691
2020-04-28,10619.791
2020-04-29,10648.147
2020-04-30,10631.547
2020-05-06,10745.032
2020-05-07,10787.329
2020-05-08,11067.181
2020-05-11,11090.745
2020-05-12,11220.352
2020-05-13,11138.942
2020-05-14,11145.172
2020-05-15,11193.3545
2020-05-18,11179.863
2020-05-19,11135.986
2020-05-20,11190.087
2020-05-21,11223.497
2020-05-22,11165.836
2020-05-25,11000.556
2020-05-26,10771.758
2020-05-27,10824.842
2020-05-28,10990.944
2020-05-29,10849.542
2020-06-01,10784.324
2020-06-02,11005.107
2020-06-03,11299.8545
2020-06-04,11320.806
2020-06-05,11312.483
2020-06-08,11319.439
2020-06-09,11432.795
2020-06-10,11404.372
2020-06-11,11461.934
2020-06-12,11493.845
2020-06-15,11183.836
2020-06-16,11407.184
2020-06-17,11478.582
2020-06-18,11586.655
2020-06-19,11581.709
2020-06-22,11671.265
2020-06-23,11846.065
2020-06-24,11876.976
2020-06-29,11979.237
2020-06-30,11946.461
2020-07-01,11994.441
2020-07-02,12191.342
2020-07-03,12262.635
2020-07-06,12463.388
2020-07-07,12688.686
2020-07-08,13258.782
2020-07-09,13345.236
2020-07-10,13577.115
2020-07-13,13843.323
2020-07-14,13880.651
2020-07-15,14308.7295
2020-07-16,14203.805
2020-07-17,13913.14
2020-07-20,13176.143
2020-07-21,13480.326
2020-07-22,13581.78
2020-07-23,13686.311
2020-07-24,13690.461
2020-07-27,13727.277
2020-07-28,13187.182
2020-07-29,13281.8
2020-07-30,13291.662
2020-07-31,13775.85
2020-08-03,13642.638
2020-08-04,13954.156
2020-08-05,14151.863
2020-08-06,14042.933
2020-08-07,14157.514
2020-08-10,13996.741
2020-08-11,13756.15
2020-08-12,13849.332
2020-08-13,13615.673
2020-08-14,13550.492
2020-08-17,13448.881
2020-08-18,13721.404
2020-08-19,13930.611
2020-08-20,13923.262
2020-08-21,13565.327
2020-08-24,13624.164
2020-08-25,13744.969
2020-08-26,13873.8125
2020-08-27,13861.765
2020-08-28,13644.338
2020-08-31,13688.356
2020-09-01,14114.355
2020-09-02,13911.224
2020-09-03,14064.987
2020-09-04,14055.049
2020-09-07,13680.803
2020-09-08,13814.076
2020-09-09,13491.807
2020-09-10,13282.355
2020-09-11,13174.667
2020-09-14,12881.742
2020-09-15,13198.079
2020-09-16,13205.887
2020-09-17,13298.038
2020-09-18,13143.324
2020-09-21,13199.6455
2020-09-22,13456.263
2020-09-23,13225.878
2020-09-24,13218.532
2020-09-25,13191.756
2020-09-28,13048.171
2020-09-29,13032.034
2020-09-30,13015.023
2020-10-09,13121.747
2020-10-12,13336.302
2020-10-13,13563.828
2020-10-14,13859.778
2020-10-15,13964.101
2020-10-16,13884.309
2020-10-19,13792.196
2020-10-20,13819.417
2020-10-21,13595.076
2020-10-22,13794.182
2020-10-23,13597.274
2020-10-26,13583.257
2020-10-27,13230.14
2020-10-28,13334.289
2020-10-29,13449.679
2020-10-30,13395.468
2020-11-02,13723.713
2020-11-03,13446.109
2020-11-04,13655.159
2020-11-05,13766.287
2020-11-06,13985.001
2020-11-09,14117.056
2020-11-10,14119.04
2020-11-11,14309.096
2020-11-12,14109.983
2020-11-13,13971.936
2020-11-16,13937.473
2020-11-17,13994.804
2020-11-18,14026.395
2020-11-19,13891.594
2020-11-20,13814.542
2020-11-23,13972.635
2020-11-24,14055.495
2020-11-25,14143.02
2020-11-26,14108.179
2020-11-27,13832.23
2020-11-30,13808.353
2020-12-01,13902.396
2020-12-02,13831.177
2020-12-03,14135.645
2020-12-04,14140.959
2020-12-07,14118.544
2020-12-08,14207.081
2020-12-09,14186.497
2020-12-10,14184.213
2020-12-11,13853.121
2020-12-14,13949.828
2020-12-15,13763.117
2020-12-16,13863.485
2020-12-17,13974.094
2020-12-18,13928.341
2020-12-21,14096.183
2020-12-22,14042.264
2020-12-23,14272.154
2020-12-24,14096.882
2020-12-25,14183.95
2020-12-28,14063.133
2020-12-29,14206.867
2020-12-30,14229.026
2020-12-31,14155.639
2021-01-04,14415.266
2021-01-05,14709.674
2021-01-06,14957.834
2021-01-07,15427.016
2021-01-08,15383.161
2021-01-11,15611.558
2021-01-12,15561.008
2021-01-13,15256.491
2021-01-14,15701.486
2021-01-15,15490.241
2021-01-18,15232.758
2021-01-19,15181.849
2021-01-20,15485.13
2021-01-21,15225.836
2021-01-22,15457.784
2021-01-25,15719.679
2021-01-26,15807.113
2021-01-27,15850.468
2021-01-28,15536.362
2021-01-29,15373.745
2021-02-01,15242.2705
2021-02-02,15040.675
2021-02-03,15260.127
2021-02-04,15568.4795
2021-02-05,15339.91
2021-02-08,15372.261
2021-02-09,15269.304
2021-02-10,15537.817
2021-02-18,15916.467
2021-02-19,16500.846
2021-02-22,15874.002
2021-02-23,16035.177
2021-02-24,15379.466
2021-02-25,15488.043
2021-02-26,15218.604
2021-03-01,14673.722
2021-03-02,14866.1875
2021-03-03,15159.181
2021-03-04,14876.07
2021-03-05,14978.844
2021-03-08,14343.93
2021-03-09,14707.304
2021-03-10,13986.087
2021-03-11,13902.965
2021-03-12,13778.31
2021-03-15,14118.9
2021-03-16,13976.221
2021-03-17,13754.367
2021-03-18,13785.988
2021-03-19,14034.089
2021-03-22,13920.162
2021-03-23,13785.906
2021-03-24,13937.056
2021-03-25,13709.171
2021-03-26,13495.669
2021-03-29,13672.146
2021-03-30,13985.337
2021-03-31,13933.337
2021-04-01,14054.482
2021-04-02,13995.605
2021-04-06,14228.356
2021-04-07,14364.437
2021-04-08,14287.943
2021-04-09,14091.102
2021-04-12,14150.321
2021-04-13,13994.54
2021-04-14,13669.14
2021-04-15,13730.377
2021-04-16,13886.64
2021-04-19,13899.914
2021-04-20,13896.022
2021-04-21,14249.026
2021-04-22,14196.359
2021-04-23,14408.117
2021-04-26,14402.147
2021-04-27,14611.8545
2021-04-28,14400.343
2021-04-29,14427.735
2021-04-30,14608.808
2021-05-06,14629.451
2021-05-07,14546.398
2021-05-10,14432.963
2021-05-11,14130.613
2021-05-12,13997.268
2021-05-13,14106.647
2021-05-14,14091.465
2021-05-17,14145.37
2021-05-18,14423.826
2021-05-19,14655.096
2021-05-20,14591.447
2021-05-21,14648.19
2021-05-24,14776.695
2021-05-25,14628.632
2021-05-26,14727.79
2021-05-27,15049.392
2021-05-28,14994.236
2021-05-31,15099.278
2021-06-01,15074.42
2021-06-02,15165.011
2021-06-03,15247.408
2021-06-04,15049.624
2021-06-07,14900.835
2021-06-08,15079.101
2021-06-09,15067.361
2021-06-10,14894.898
2021-06-11,14911.966
2021-06-15,15118.767
2021-06-16,15005.058
2021-06-17,14859.448
2021-06-18,14481.9375
2021-06-21,14704.023
2021-06-22,14757.363
2021-06-23,14874.585
2021-06-24,14910.647
2021-06-25,15076.291
2021-06-28,14997.779
2021-06-29,15252.319
2021-06-30,15392.777
2021-07-01,15217.242
2021-07-02,15408.316
2021-07-05,15138.338
2021-07-06,14862.701
2021-07-07,14942.788
2021-07-08,14787.55
2021-07-09,15185.661
2021-07-12,15004.162
2021-07-13,15171.297
2021-07-14,15355.42
2021-07-15,15345.191
2021-07-16,15216.855
2021-07-19,15348.284
2021-07-20,15159.59
2021-07-21,15078.875
2021-07-22,15273.076
2021-07-23,15464.97
2021-07-26,15454.302
2021-07-27,15184.289
2021-07-28,14835.842
2021-07-29,14152.586
2021-07-30,14581.828
2021-08-02,14675.792
2021-08-03,14655.911
2021-08-04,14943.254
2021-08-05,14912.589
2021-08-06,15101.955
2021-08-09,15102.694
2021-08-10,14935.586
2021-08-11,15119.815
2021-08-12,15251.407
2021-08-13,15173.708
2021-08-16,15038.437
2021-08-17,14954.002
2021-08-18,14892.701
2021-08-19,14563.066
2021-08-20,14648.767
2021-08-23,14568.227
2021-08-24,14487.025
2021-08-25,14753.208
2021-08-26,14853.522
2021-08-27,14898.528
2021-08-30,14573.591
2021-08-31,14675.985
2021-09-01,14599.758
2021-09-02,14526.757
2021-09-03,14484.578
2021-09-06,14485.613
2021-09-07,14372.768
2021-09-08,14737.843
2021-09-09,14903.572
2021-09-10,14862.059
2021-09-13,14869.584
2021-09-14,14974.686
2021-09-15,14895.781
2021-09-16,14785.568
2021-09-17,14720.832
2021-09-22,14413.571
2021-09-23,14327.578
2021-09-24,14571.467
2021-09-27,14550.157
2021-09-28,14622.209
2021-09-29,14497.773
2021-09-30,14391.023
2021-10-08,14311.52
2021-10-11,14650.554
2021-10-12,14633.16
2021-10-13,14526.214
2021-10-14,14328.1045
2021-10-15,14541.544
2021-10-18,14484.212
2021-10-19,14584.762
2021-10-20,14543.881
2021-10-21,14693.762
2021-10-22,14659.171
2021-10-25,14660.137
2021-10-26,14684.503
2021-10-27,14854.884
2021-10-28,14703.911
2021-10-29,14541.827
2021-11-01,14431.917
2021-11-02,14585.171
2021-11-03,14669.819
2021-11-04,14556.351
2021-11-05,14632.551
2021-11-08,14730.484
2021-11-09,14644.1045
2021-11-10,14732.538
2021-11-11,14715.361
2021-11-12,14691.241
2021-11-15,14905.32
2021-11-16,14921.322
2021-11-17,14822.234
2021-11-18,14842.348
2021-11-19,14882.13
2021-11-22,14764.359
2021-11-23,14976.474
2021-11-24,15129.704
2021-11-25,15109.084
2021-11-26,15084.552
2021-11-29,15000.31
2021-11-30,15000.31
